src,dst,t.amount,t.isFraud
6456,9069,465.05,0
6456,9069,465.05,0
6456,9069,465.05,0
6456,9069,465.05,0
6456,9069,465.05,0
6456,9069,465.05,0
6456,9069,465.05,0
6456,9069,465.05,0
6456,9069,465.05,0
6456,9069,465.05,0
6456,9069,465.05,0
6456,9069,465.05,0
6456,9069,465.05,0
6456,9069,465.05,0
6456,9069,465.05,0
6456,9069,465.05,0
6456,9069,465.05,0
6456,9069,465.05,0
6456,9069,465.05,0
6456,9069,465.05,0
6456,9069,465.05,0
6456,9069,465.05,0
6456,9069,465.05,0
6456,9069,465.05,0
6456,9069,465.05,0
6456,9069,465.05,0
6456,9069,465.05,0
6456,9069,465.05,0
6456,9069,465.05,0
6456,9069,465.05,0
6456,9069,465.05,0
6456,9069,465.05,0
6456,9069,465.05,0
6456,9069,465.05,0
6456,9069,465.05,0
6456,9069,465.05,0
6456,9069,465.05,0
6456,9069,465.05,0
6456,9069,465.05,0
6456,9069,465.05,0
6456,9069,465.05,0
6456,9069,465.05,0
6456,9069,465.05,0
6456,9069,465.05,0
6456,9069,465.05,0
6456,9069,465.05,0
6456,9069,465.05,0
6456,9069,465.05,0
6456,9069,465.05,0
6456,9069,465.05,0
6456,9069,465.05,0
6456,9069,465.05,0
6456,9069,465.05,0
6456,9069,465.05,0
6456,9069,465.05,0
6456,9069,465.05,0
6456,9069,465.05,0
6456,9069,465.05,0
6456,9069,465.05,0
6456,9069,465.05,0
6456,9069,465.05,0
6456,9069,465.05,0
6456,9069,465.05,0
6456,9069,465.05,0
6456,9069,465.05,0
6456,9069,465.05,0
6456,9069,465.05,0
6456,9069,465.05,0
6456,9069,465.05,0
6456,9069,465.05,0
6456,9069,465.05,0
6456,9069,465.05,0
6456,9069,465.05,0
6456,9069,465.05,0
6456,9069,465.05,0
6456,9069,465.05,0
6456,9069,465.05,0
6456,9069,465.05,0
6456,9069,465.05,0
6456,9069,465.05,0
6456,9069,465.05,0
6456,9069,465.05,0
6456,9069,465.05,0
6456,9069,465.05,0
6456,9069,465.05,0
6456,9069,465.05,0
6456,9069,465.05,0
6456,9069,465.05,0
6456,9069,465.05,0
6456,9069,465.05,0
6456,9069,465.05,0
6456,9069,465.05,0
6456,9069,465.05,0
6456,9069,465.05,0
6456,9069,465.05,0
6456,9069,465.05,0
6456,9069,465.05,0
6456,9069,465.05,0
6456,9069,465.05,0
6456,9069,465.05,0
6456,9069,465.05,0
6456,9069,465.05,0
6456,9069,465.05,0
6456,9069,465.05,0
6456,9069,465.05,0
6456,9069,465.05,0
6456,9069,465.05,0
6456,9069,465.05,0
6456,9069,465.05,0
6456,9069,465.05,0
6456,9069,465.05,0
6456,9069,465.05,0
6456,9069,465.05,0
6456,9069,465.05,0
6456,9069,465.05,0
6456,9069,465.05,0
6456,9069,465.05,0
6456,9069,465.05,0
6456,9069,465.05,0
6456,9069,465.05,0
6456,9069,465.05,0
6456,9069,465.05,0
6456,9069,465.05,0
6456,9069,465.05,0
6456,9069,465.05,0
6456,9069,465.05,0
6456,9069,465.05,0
6456,9069,465.05,0
6456,9069,465.05,0
6456,9069,465.05,0
6456,9069,465.05,0
6456,9069,465.05,0
6456,9069,465.05,0
6456,9069,465.05,0
6456,9069,465.05,0
6456,9069,465.05,0
6456,9069,465.05,0
6456,9069,465.05,0
6456,9069,465.05,0
6456,9069,465.05,0
6456,9069,465.05,0
6456,9069,465.05,0
6456,9069,465.05,0
6456,9069,465.05,0
6456,9069,465.05,0
6456,9069,465.05,0
6456,9069,465.05,0
6456,9069,465.05,0
6456,9069,465.05,0
6456,9069,465.05,0
6456,9069,465.05,0
6456,9069,465.05,0
6456,9069,465.05,0
6456,9069,465.05,0
6456,9069,465.05,0
6456,9069,465.05,0
6456,9069,465.05,0
6456,9069,465.05,0
6456,9069,465.05,0
6456,9069,465.05,0
6456,9069,465.05,0
6456,9069,465.05,0
6456,9069,465.05,0
6456,9069,465.05,0
6456,9069,465.05,0
6456,9069,465.05,0
6456,9069,465.05,0
6456,9069,465.05,0
6456,9069,465.05,0
6456,9069,465.05,0
6456,9069,465.05,0
6456,9069,465.05,0
6456,9069,465.05,0
6456,9069,465.05,0
6456,9069,465.05,0
6456,9069,465.05,0
6456,9069,465.05,0
6456,9069,465.05,0
6456,9069,465.05,0
6456,9069,465.05,0
7516,9543,564.64,0
7516,9543,564.64,0
7516,9543,564.64,0
7516,9543,564.64,0
7516,9543,564.64,0
7516,9543,564.64,0
7516,9543,564.64,0
7516,9543,564.64,0
7516,9543,564.64,0
7516,9543,564.64,0
7516,9543,564.64,0
7516,9543,564.64,0
7516,9543,564.64,0
7516,9543,564.64,0
7516,9543,564.64,0
7516,9543,564.64,0
7516,9543,564.64,0
7516,9543,564.64,0
7516,9543,564.64,0
7516,9543,564.64,0
7516,9543,564.64,0
7516,9543,564.64,0
7516,9543,564.64,0
7516,9543,564.64,0
7516,9543,564.64,0
7516,9543,564.64,0
7516,9543,564.64,0
7516,9543,564.64,0
7516,9543,564.64,0
7516,9543,564.64,0
7516,9543,564.64,0
7516,9543,564.64,0
7516,9543,564.64,0
7516,9543,564.64,0
7516,9543,564.64,0
7516,9543,564.64,0
7516,9543,564.64,0
7516,9543,564.64,0
7516,9543,564.64,0
7516,9543,564.64,0
7516,9543,564.64,0
7516,9543,564.64,0
7516,9543,564.64,0
7516,9543,564.64,0
7516,9543,564.64,0
7516,9543,564.64,0
7516,9543,564.64,0
7516,9543,564.64,0
7516,9543,564.64,0
7516,9543,564.64,0
7516,9543,564.64,0
7516,9543,564.64,0
7516,9543,564.64,0
7516,9543,564.64,0
7516,9543,564.64,0
7516,9543,564.64,0
7516,9543,564.64,0
7516,9543,564.64,0
7516,9543,564.64,0
7516,9543,564.64,0
7516,9543,564.64,0
7516,9543,564.64,0
7516,9543,564.64,0
7516,9543,564.64,0
7516,9543,564.64,0
7516,9543,564.64,0
7516,9543,564.64,0
7516,9543,564.64,0
7516,9543,564.64,0
7516,9543,564.64,0
7516,9543,564.64,0
7516,9543,564.64,0
7516,9543,564.64,0
7516,9543,564.64,0
7516,9543,564.64,0
7516,9543,564.64,0
7516,9543,564.64,0
7516,9543,564.64,0
7516,9543,564.64,0
7516,9543,564.64,0
7516,9543,564.64,0
7516,9543,564.64,0
7516,9543,564.64,0
7516,9543,564.64,0
7516,9543,564.64,0
7516,9543,564.64,0
7516,9543,564.64,0
7516,9543,564.64,0
7516,9543,564.64,0
7516,9543,564.64,0
7516,9543,564.64,0
7516,9543,564.64,0
7516,9543,564.64,0
7516,9543,564.64,0
7516,9543,564.64,0
7516,9543,564.64,0
7516,9543,564.64,0
7516,9543,564.64,0
7516,9543,564.64,0
7516,9543,564.64,0
7516,9543,564.64,0
7516,9543,564.64,0
7516,9543,564.64,0
7516,9543,564.64,0
7516,9543,564.64,0
7516,9543,564.64,0
7516,9543,564.64,0
7516,9543,564.64,0
7516,9543,564.64,0
7516,9543,564.64,0
7516,9543,564.64,0
7516,9543,564.64,0
7516,9543,564.64,0
7516,9543,564.64,0
7516,9543,564.64,0
7516,9543,564.64,0
7516,9543,564.64,0
7516,9543,564.64,0
7516,9543,564.64,0
7516,9543,564.64,0
7516,9543,564.64,0
7516,9543,564.64,0
7516,9543,564.64,0
7516,9543,564.64,0
7516,9543,564.64,0
7516,9543,564.64,0
7516,9543,564.64,0
7516,9543,564.64,0
7516,9543,564.64,0
7516,9543,564.64,0
7516,9543,564.64,0
7516,9543,564.64,0
7516,9543,564.64,0
7516,9543,564.64,0
7516,9543,564.64,0
7516,9543,564.64,0
7516,9543,564.64,0
7516,9543,564.64,0
7516,9543,564.64,0
7516,9543,564.64,0
7516,9543,564.64,0
7516,9543,564.64,0
7516,9543,564.64,0
7516,9543,564.64,0
7516,9543,564.64,0
7516,9543,564.64,0
7516,9543,564.64,0
7516,9543,564.64,0
7516,9543,564.64,0
7516,9543,564.64,0
7516,9543,564.64,0
7516,9543,564.64,0
7516,9543,564.64,0
7516,9543,564.64,0
7516,9543,564.64,0
7516,9543,564.64,0
7516,9543,564.64,0
7516,9543,564.64,0
7516,9543,564.64,0
7516,9543,564.64,0
7516,9543,564.64,0
7516,9543,564.64,0
7516,9543,564.64,0
7516,9543,564.64,0
7516,9543,564.64,0
7516,9543,564.64,0
7516,9543,564.64,0
7516,9543,564.64,0
7516,9543,564.64,0
7516,9543,564.64,0
7516,9543,564.64,0
7516,9543,564.64,0
7516,9543,564.64,0
7516,9543,564.64,0
7516,9543,564.64,0
7516,9543,564.64,0
7516,9543,564.64,0
7516,9543,564.64,0
7516,9543,564.64,0
7516,9543,564.64,0
2445,9356,598.94,0
2445,9356,598.94,0
2445,9356,598.94,0
2445,9356,598.94,0
2445,9356,598.94,0
2445,9356,598.94,0
2445,9356,598.94,0
2445,9356,598.94,0
2445,9356,598.94,0
2445,9356,598.94,0
2445,9356,598.94,0
2445,9356,598.94,0
2445,9356,598.94,0
2445,9356,598.94,0
2445,9356,598.94,0
2445,9356,598.94,0
2445,9356,598.94,0
2445,9356,598.94,0
2445,9356,598.94,0
2445,9356,598.94,0
2445,9356,598.94,0
2445,9356,598.94,0
2445,9356,598.94,0
2445,9356,598.94,0
2445,9356,598.94,0
2445,9356,598.94,0
2445,9356,598.94,0
2445,9356,598.94,0
2445,9356,598.94,0
2445,9356,598.94,0
2445,9356,598.94,0
2445,9356,598.94,0
2445,9356,598.94,0
2445,9356,598.94,0
2445,9356,598.94,0
2445,9356,598.94,0
2445,9356,598.94,0
2445,9356,598.94,0
2445,9356,598.94,0
2445,9356,598.94,0
2445,9356,598.94,0
2445,9356,598.94,0
2445,9356,598.94,0
2445,9356,598.94,0
2445,9356,598.94,0
2445,9356,598.94,0
2445,9356,598.94,0
2445,9356,598.94,0
2445,9356,598.94,0
2445,9356,598.94,0
2445,9356,598.94,0
2445,9356,598.94,0
2445,9356,598.94,0
2445,9356,598.94,0
2445,9356,598.94,0
2445,9356,598.94,0
2445,9356,598.94,0
2445,9356,598.94,0
2445,9356,598.94,0
2445,9356,598.94,0
2445,9356,598.94,0
2445,9356,598.94,0
2445,9356,598.94,0
2445,9356,598.94,0
2445,9356,598.94,0
2445,9356,598.94,0
2445,9356,598.94,0
2445,9356,598.94,0
2445,9356,598.94,0
2445,9356,598.94,0
2445,9356,598.94,0
2445,9356,598.94,0
2445,9356,598.94,0
2445,9356,598.94,0
2445,9356,598.94,0
2445,9356,598.94,0
2445,9356,598.94,0
2445,9356,598.94,0
2445,9356,598.94,0
2445,9356,598.94,0
2445,9356,598.94,0
2445,9356,598.94,0
2445,9356,598.94,0
2445,9356,598.94,0
2445,9356,598.94,0
2445,9356,598.94,0
2445,9356,598.94,0
2445,9356,598.94,0
2445,9356,598.94,0
2445,9356,598.94,0
2445,9356,598.94,0
2445,9356,598.94,0
2445,9356,598.94,0
2445,9356,598.94,0
2445,9356,598.94,0
2445,9356,598.94,0
2445,9356,598.94,0
2445,9356,598.94,0
2445,9356,598.94,0
2445,9356,598.94,0
2445,9356,598.94,0
2445,9356,598.94,0
2445,9356,598.94,0
2445,9356,598.94,0
2445,9356,598.94,0
2445,9356,598.94,0
2445,9356,598.94,0
2445,9356,598.94,0
2445,9356,598.94,0
2445,9356,598.94,0
2445,9356,598.94,0
2445,9356,598.94,0
2445,9356,598.94,0
2445,9356,598.94,0
2445,9356,598.94,0
2445,9356,598.94,0
2445,9356,598.94,0
2445,9356,598.94,0
2445,9356,598.94,0
2445,9356,598.94,0
2445,9356,598.94,0
2445,9356,598.94,0
2445,9356,598.94,0
2445,9356,598.94,0
2445,9356,598.94,0
2445,9356,598.94,0
2445,9356,598.94,0
2445,9356,598.94,0
2445,9356,598.94,0
2445,9356,598.94,0
2445,9356,598.94,0
2445,9356,598.94,0
2445,9356,598.94,0
2445,9356,598.94,0
2445,9356,598.94,0
2445,9356,598.94,0
2445,9356,598.94,0
2445,9356,598.94,0
2445,9356,598.94,0
2445,9356,598.94,0
2445,9356,598.94,0
2445,9356,598.94,0
2445,9356,598.94,0
2445,9356,598.94,0
2445,9356,598.94,0
2445,9356,598.94,0
2445,9356,598.94,0
2445,9356,598.94,0
2445,9356,598.94,0
2445,9356,598.94,0
2445,9356,598.94,0
2445,9356,598.94,0
2445,9356,598.94,0
2445,9356,598.94,0
2445,9356,598.94,0
2445,9356,598.94,0
2445,9356,598.94,0
2445,9356,598.94,0
2445,9356,598.94,0
2445,9356,598.94,0
2445,9356,598.94,0
2445,9356,598.94,0
2445,9356,598.94,0
2445,9356,598.94,0
2445,9356,598.94,0
2445,9356,598.94,0
2445,9356,598.94,0
2445,9356,598.94,0
2445,9356,598.94,0
2445,9356,598.94,0
2445,9356,598.94,0
2445,9356,598.94,0
2445,9356,598.94,0
2445,9356,598.94,0
2445,9356,598.94,0
2445,9356,598.94,0
2445,9356,598.94,0
2445,9356,598.94,0
2445,9356,598.94,0
2445,9356,598.94,0
2576,4617,466.07,0
2576,4617,466.07,0
2576,4617,466.07,0
2576,4617,466.07,0
2576,4617,466.07,0
2576,4617,466.07,0
2576,4617,466.07,0
2576,4617,466.07,0
2576,4617,466.07,0
2576,4617,466.07,0
2576,4617,466.07,0
2576,4617,466.07,0
2576,4617,466.07,0
2576,4617,466.07,0
2576,4617,466.07,0
2576,4617,466.07,0
2576,4617,466.07,0
2576,4617,466.07,0
2576,4617,466.07,0
2576,4617,466.07,0
2576,4617,466.07,0
2576,4617,466.07,0
2576,4617,466.07,0
2576,4617,466.07,0
2576,4617,466.07,0
2576,4617,466.07,0
2576,4617,466.07,0
2576,4617,466.07,0
2576,4617,466.07,0
2576,4617,466.07,0
2576,4617,466.07,0
2576,4617,466.07,0
2576,4617,466.07,0
2576,4617,466.07,0
2576,4617,466.07,0
2576,4617,466.07,0
2576,4617,466.07,0
2576,4617,466.07,0
2576,4617,466.07,0
2576,4617,466.07,0
2576,4617,466.07,0
2576,4617,466.07,0
2576,4617,466.07,0
2576,4617,466.07,0
2576,4617,466.07,0
2576,4617,466.07,0
2576,4617,466.07,0
2576,4617,466.07,0
2576,4617,466.07,0
2576,4617,466.07,0
2576,4617,466.07,0
2576,4617,466.07,0
2576,4617,466.07,0
2576,4617,466.07,0
2576,4617,466.07,0
2576,4617,466.07,0
2576,4617,466.07,0
2576,4617,466.07,0
2576,4617,466.07,0
2576,4617,466.07,0
2576,4617,466.07,0
2576,4617,466.07,0
2576,4617,466.07,0
2576,4617,466.07,0
2576,4617,466.07,0
2576,4617,466.07,0
2576,4617,466.07,0
2576,4617,466.07,0
2576,4617,466.07,0
2576,4617,466.07,0
2576,4617,466.07,0
2576,4617,466.07,0
2576,4617,466.07,0
2576,4617,466.07,0
2576,4617,466.07,0
2576,4617,466.07,0
2576,4617,466.07,0
2576,4617,466.07,0
2576,4617,466.07,0
2576,4617,466.07,0
2576,4617,466.07,0
2576,4617,466.07,0
2576,4617,466.07,0
2576,4617,466.07,0
2576,4617,466.07,0
2576,4617,466.07,0
2576,4617,466.07,0
2576,4617,466.07,0
2576,4617,466.07,0
2576,4617,466.07,0
2576,4617,466.07,0
2576,4617,466.07,0
2576,4617,466.07,0
2576,4617,466.07,0
2576,4617,466.07,0
2576,4617,466.07,0
2576,4617,466.07,0
2576,4617,466.07,0
2576,4617,466.07,0
2576,4617,466.07,0
2576,4617,466.07,0
2576,4617,466.07,0
2576,4617,466.07,0
2576,4617,466.07,0
2576,4617,466.07,0
2576,4617,466.07,0
2576,4617,466.07,0
2576,4617,466.07,0
2576,4617,466.07,0
2576,4617,466.07,0
2576,4617,466.07,0
2576,4617,466.07,0
2576,4617,466.07,0
2576,4617,466.07,0
2576,4617,466.07,0
2576,4617,466.07,0
2576,4617,466.07,0
2576,4617,466.07,0
2576,4617,466.07,0
2576,4617,466.07,0
2576,4617,466.07,0
2576,4617,466.07,0
2576,4617,466.07,0
2576,4617,466.07,0
2576,4617,466.07,0
2576,4617,466.07,0
2576,4617,466.07,0
2576,4617,466.07,0
2576,4617,466.07,0
2576,4617,466.07,0
2576,4617,466.07,0
2576,4617,466.07,0
2576,4617,466.07,0
2576,4617,466.07,0
2576,4617,466.07,0
2576,4617,466.07,0
2576,4617,466.07,0
2576,4617,466.07,0
2576,4617,466.07,0
2576,4617,466.07,0
2576,4617,466.07,0
2576,4617,466.07,0
2576,4617,466.07,0
2576,4617,466.07,0
2576,4617,466.07,0
2576,4617,466.07,0
2576,4617,466.07,0
2576,4617,466.07,0
2576,4617,466.07,0
2576,4617,466.07,0
2576,4617,466.07,0
2576,4617,466.07,0
2576,4617,466.07,0
2576,4617,466.07,0
2576,4617,466.07,0
2576,4617,466.07,0
2576,4617,466.07,0
2576,4617,466.07,0
2576,4617,466.07,0
2576,4617,466.07,0
2576,4617,466.07,0
2576,4617,466.07,0
2576,4617,466.07,0
2576,4617,466.07,0
2576,4617,466.07,0
2576,4617,466.07,0
2576,4617,466.07,0
2576,4617,466.07,0
2576,4617,466.07,0
2576,4617,466.07,0
2576,4617,466.07,0
2576,4617,466.07,0
2576,4617,466.07,0
2576,4617,466.07,0
2576,4617,466.07,0
2576,4617,466.07,0
2576,4617,466.07,0
2576,4617,466.07,0
2576,4617,466.07,0
2576,4617,466.07,0
3524,1773,405.63,0
3524,1773,405.63,0
3524,1773,405.63,0
3524,1773,405.63,0
3524,1773,405.63,0
3524,1773,405.63,0
3524,1773,405.63,0
3524,1773,405.63,0
3524,1773,405.63,0
3524,1773,405.63,0
3524,1773,405.63,0
3524,1773,405.63,0
3524,1773,405.63,0
3524,1773,405.63,0
3524,1773,405.63,0
3524,1773,405.63,0
3524,1773,405.63,0
3524,1773,405.63,0
3524,1773,405.63,0
3524,1773,405.63,0
3524,1773,405.63,0
3524,1773,405.63,0
3524,1773,405.63,0
3524,1773,405.63,0
3524,1773,405.63,0
3524,1773,405.63,0
3524,1773,405.63,0
3524,1773,405.63,0
3524,1773,405.63,0
3524,1773,405.63,0
3524,1773,405.63,0
3524,1773,405.63,0
3524,1773,405.63,0
3524,1773,405.63,0
3524,1773,405.63,0
3524,1773,405.63,0
3524,1773,405.63,0
3524,1773,405.63,0
3524,1773,405.63,0
3524,1773,405.63,0
3524,1773,405.63,0
3524,1773,405.63,0
3524,1773,405.63,0
3524,1773,405.63,0
3524,1773,405.63,0
3524,1773,405.63,0
3524,1773,405.63,0
3524,1773,405.63,0
3524,1773,405.63,0
3524,1773,405.63,0
3524,1773,405.63,0
3524,1773,405.63,0
3524,1773,405.63,0
3524,1773,405.63,0
3524,1773,405.63,0
3524,1773,405.63,0
3524,1773,405.63,0
3524,1773,405.63,0
3524,1773,405.63,0
3524,1773,405.63,0
3524,1773,405.63,0
3524,1773,405.63,0
3524,1773,405.63,0
3524,1773,405.63,0
3524,1773,405.63,0
3524,1773,405.63,0
3524,1773,405.63,0
3524,1773,405.63,0
3524,1773,405.63,0
3524,1773,405.63,0
3524,1773,405.63,0
3524,1773,405.63,0
3524,1773,405.63,0
3524,1773,405.63,0
3524,1773,405.63,0
3524,1773,405.63,0
3524,1773,405.63,0
3524,1773,405.63,0
3524,1773,405.63,0
3524,1773,405.63,0
3524,1773,405.63,0
3524,1773,405.63,0
3524,1773,405.63,0
3524,1773,405.63,0
3524,1773,405.63,0
3524,1773,405.63,0
3524,1773,405.63,0
3524,1773,405.63,0
3524,1773,405.63,0
3524,1773,405.63,0
3524,1773,405.63,0
3524,1773,405.63,0
3524,1773,405.63,0
3524,1773,405.63,0
3524,1773,405.63,0
3524,1773,405.63,0
3524,1773,405.63,0
3524,1773,405.63,0
3524,1773,405.63,0
3524,1773,405.63,0
3524,1773,405.63,0
3524,1773,405.63,0
3524,1773,405.63,0
3524,1773,405.63,0
3524,1773,405.63,0
3524,1773,405.63,0
3524,1773,405.63,0
3524,1773,405.63,0
3524,1773,405.63,0
3524,1773,405.63,0
3524,1773,405.63,0
3524,1773,405.63,0
3524,1773,405.63,0
3524,1773,405.63,0
3524,1773,405.63,0
3524,1773,405.63,0
3524,1773,405.63,0
3524,1773,405.63,0
3524,1773,405.63,0
3524,1773,405.63,0
3524,1773,405.63,0
3524,1773,405.63,0
3524,1773,405.63,0
3524,1773,405.63,0
3524,1773,405.63,0
3524,1773,405.63,0
3524,1773,405.63,0
3524,1773,405.63,0
3524,1773,405.63,0
3524,1773,405.63,0
3524,1773,405.63,0
3524,1773,405.63,0
3524,1773,405.63,0
3524,1773,405.63,0
3524,1773,405.63,0
3524,1773,405.63,0
3524,1773,405.63,0
3524,1773,405.63,0
3524,1773,405.63,0
3524,1773,405.63,0
3524,1773,405.63,0
3524,1773,405.63,0
3524,1773,405.63,0
3524,1773,405.63,0
3524,1773,405.63,0
3524,1773,405.63,0
3524,1773,405.63,0
3524,1773,405.63,0
3524,1773,405.63,0
3524,1773,405.63,0
3524,1773,405.63,0
3524,1773,405.63,0
3524,1773,405.63,0
3524,1773,405.63,0
3524,1773,405.63,0
3524,1773,405.63,0
3524,1773,405.63,0
3524,1773,405.63,0
3524,1773,405.63,0
3524,1773,405.63,0
3524,1773,405.63,0
3524,1773,405.63,0
3524,1773,405.63,0
3524,1773,405.63,0
3524,1773,405.63,0
3524,1773,405.63,0
3524,1773,405.63,0
3524,1773,405.63,0
3524,1773,405.63,0
3524,1773,405.63,0
3524,1773,405.63,0
3524,1773,405.63,0
3524,1773,405.63,0
3524,1773,405.63,0
3524,1773,405.63,0
3524,1773,405.63,0
3524,1773,405.63,0
3524,1773,405.63,0
3524,1773,405.63,0
3524,1773,405.63,0
7123,6491,11.38,0
7123,6491,11.38,0
7123,6491,11.38,0
7123,6491,11.38,0
7123,6491,11.38,0
7123,6491,11.38,0
7123,6491,11.38,0
7123,6491,11.38,0
7123,6491,11.38,0
7123,6491,11.38,0
7123,6491,11.38,0
7123,6491,11.38,0
7123,6491,11.38,0
7123,6491,11.38,0
7123,6491,11.38,0
7123,6491,11.38,0
7123,6491,11.38,0
7123,6491,11.38,0
7123,6491,11.38,0
7123,6491,11.38,0
7123,6491,11.38,0
7123,6491,11.38,0
7123,6491,11.38,0
7123,6491,11.38,0
7123,6491,11.38,0
7123,6491,11.38,0
7123,6491,11.38,0
7123,3327,11.38,0
7123,3327,11.38,0
7123,3327,11.38,0
7123,3327,11.38,0
7123,3327,11.38,0
7123,3327,11.38,0
7123,3327,11.38,0
7123,3327,11.38,0
7123,3327,11.38,0
7123,3327,11.38,0
7123,3327,11.38,0
7123,3327,11.38,0
7123,3327,11.38,0
7123,3327,11.38,0
7123,3327,11.38,0
7123,3327,11.38,0
7123,3327,11.38,0
7123,3327,11.38,0
7123,3327,11.38,0
7123,3327,11.38,0
7123,3327,11.38,0
7123,3327,11.38,0
7123,3327,11.38,0
7123,3327,11.38,0
7123,3327,11.38,0
7123,3327,11.38,0
7123,3327,11.38,0
7123,9711,11.38,0
7123,9711,11.38,0
7123,9711,11.38,0
7123,9711,11.38,0
7123,9711,11.38,0
7123,9711,11.38,0
7123,9711,11.38,0
7123,9711,11.38,0
7123,9711,11.38,0
7123,9711,11.38,0
7123,9711,11.38,0
7123,9711,11.38,0
7123,9711,11.38,0
7123,9711,11.38,0
7123,9711,11.38,0
7123,9711,11.38,0
7123,9711,11.38,0
7123,9711,11.38,0
7123,9711,11.38,0
7123,9711,11.38,0
7123,9711,11.38,0
7123,9711,11.38,0
7123,9711,11.38,0
7123,9711,11.38,0
7123,9711,11.38,0
7123,9711,11.38,0
7123,9711,11.38,0
7123,4660,11.38,0
7123,4660,11.38,0
7123,4660,11.38,0
7123,4660,11.38,0
7123,4660,11.38,0
7123,4660,11.38,0
7123,4660,11.38,0
7123,4660,11.38,0
7123,4660,11.38,0
7123,4660,11.38,0
7123,4660,11.38,0
7123,4660,11.38,0
7123,4660,11.38,0
7123,4660,11.38,0
7123,4660,11.38,0
7123,4660,11.38,0
7123,4660,11.38,0
7123,4660,11.38,0
7123,4660,11.38,0
7123,4660,11.38,0
7123,4660,11.38,0
7123,4660,11.38,0
7123,4660,11.38,0
7123,4660,11.38,0
7123,4660,11.38,0
7123,4660,11.38,0
7123,4660,11.38,0
7123,7018,11.38,0
7123,7018,11.38,0
7123,7018,11.38,0
7123,7018,11.38,0
7123,7018,11.38,0
7123,7018,11.38,0
7123,7018,11.38,0
7123,7018,11.38,0
7123,7018,11.38,0
7123,7018,11.38,0
7123,7018,11.38,0
7123,7018,11.38,0
7123,7018,11.38,0
7123,7018,11.38,0
7123,7018,11.38,0
7123,7018,11.38,0
7123,7018,11.38,0
7123,7018,11.38,0
7123,7018,11.38,0
7123,7018,11.38,0
7123,7018,11.38,0
7123,7018,11.38,0
7123,7018,11.38,0
7123,7018,11.38,0
7123,7018,11.38,0
7123,7018,11.38,0
7123,7018,11.38,0
7123,8957,11.38,0
7123,8957,11.38,0
7123,8957,11.38,0
7123,8957,11.38,0
7123,8957,11.38,0
7123,8957,11.38,0
7123,8957,11.38,0
7123,8957,11.38,0
7123,8957,11.38,0
7123,8957,11.38,0
7123,8957,11.38,0
7123,8957,11.38,0
7123,8957,11.38,0
7123,8957,11.38,0
7123,8957,11.38,0
7123,8957,11.38,0
7123,8957,11.38,0
7123,8957,11.38,0
7123,8957,11.38,0
7123,8957,11.38,0
7123,8957,11.38,0
7123,8957,11.38,0
7123,8957,11.38,0
7123,8957,11.38,0
7123,8957,11.38,0
7123,8957,11.38,0
7123,8957,11.38,0
7123,9637,11.38,0
7123,9637,11.38,0
7123,9637,11.38,0
7123,9637,11.38,0
7123,9637,11.38,0
7123,9637,11.38,0
7123,9637,11.38,0
7123,9637,11.38,0
7123,9637,11.38,0
7123,9637,11.38,0
7123,9637,11.38,0
7123,9637,11.38,0
7123,9637,11.38,0
7123,9637,11.38,0
7123,9637,11.38,0
7123,9637,11.38,0
7123,9637,11.38,0
7123,9637,11.38,0
7123,9637,11.38,0
7123,9637,11.38,0
7123,9637,11.38,0
7123,9637,11.38,0
7123,9637,11.38,0
7123,9637,11.38,0
7123,9637,11.38,0
7123,9637,11.38,0
7123,9637,11.38,0
7123,5746,11.38,0
7123,5746,11.38,0
7123,5746,11.38,0
7123,5746,11.38,0
7123,5746,11.38,0
7123,5746,11.38,0
7123,5746,11.38,0
7123,5746,11.38,0
7123,5746,11.38,0
7123,5746,11.38,0
7123,5746,11.38,0
7123,5746,11.38,0
7123,5746,11.38,0
7123,5746,11.38,0
7123,5746,11.38,0
7123,5746,11.38,0
7123,5746,11.38,0
7123,5746,11.38,0
7123,5746,11.38,0
7123,5746,11.38,0
7123,5746,11.38,0
7123,5746,11.38,0
7123,5746,11.38,0
7123,5746,11.38,0
7123,5746,11.38,0
7123,5746,11.38,0
7123,5746,11.38,0
7123,9915,11.38,0
7123,9915,11.38,0
7123,9915,11.38,0
7123,9915,11.38,0
7123,9915,11.38,0
7123,9915,11.38,0
7123,9915,11.38,0
7123,9915,11.38,0
7123,9915,11.38,0
7123,9915,11.38,0
7123,9915,11.38,0
7123,9915,11.38,0
7123,9915,11.38,0
7123,9915,11.38,0
7123,9915,11.38,0
7123,9915,11.38,0
7123,9915,11.38,0
7123,9915,11.38,0
7123,9915,11.38,0
7123,9915,11.38,0
7123,9915,11.38,0
7123,9915,11.38,0
7123,9915,11.38,0
7123,9915,11.38,0
7123,9915,11.38,0
7123,9915,11.38,0
7123,9915,11.38,0
7123,8293,11.38,0
7123,8293,11.38,0
7123,8293,11.38,0
7123,8293,11.38,0
7123,8293,11.38,0
7123,8293,11.38,0
7123,8293,11.38,0
7123,8293,11.38,0
7123,8293,11.38,0
7123,8293,11.38,0
7123,8293,11.38,0
7123,8293,11.38,0
7123,8293,11.38,0
7123,8293,11.38,0
7123,8293,11.38,0
7123,8293,11.38,0
7123,8293,11.38,0
7123,8293,11.38,0
7123,8293,11.38,0
7123,8293,11.38,0
7123,8293,11.38,0
7123,8293,11.38,0
7123,8293,11.38,0
7123,8293,11.38,0
7123,8293,11.38,0
7123,8293,11.38,0
7123,8293,11.38,0
7123,9816,11.38,0
7123,9816,11.38,0
7123,9816,11.38,0
7123,9816,11.38,0
7123,9816,11.38,0
7123,9816,11.38,0
7123,9816,11.38,0
7123,9816,11.38,0
7123,9816,11.38,0
7123,9816,11.38,0
7123,9816,11.38,0
7123,9816,11.38,0
7123,9816,11.38,0
7123,9816,11.38,0
7123,9816,11.38,0
7123,9816,11.38,0
7123,9816,11.38,0
7123,9816,11.38,0
7123,9816,11.38,0
7123,9816,11.38,0
7123,9816,11.38,0
7123,9816,11.38,0
7123,9816,11.38,0
7123,9816,11.38,0
7123,9816,11.38,0
7123,9816,11.38,0
7123,9816,11.38,0
7123,2060,11.38,0
7123,2060,11.38,0
7123,2060,11.38,0
7123,2060,11.38,0
7123,2060,11.38,0
7123,2060,11.38,0
7123,2060,11.38,0
7123,2060,11.38,0
7123,2060,11.38,0
7123,2060,11.38,0
7123,2060,11.38,0
7123,2060,11.38,0
7123,2060,11.38,0
7123,2060,11.38,0
7123,2060,11.38,0
7123,2060,11.38,0
7123,2060,11.38,0
7123,2060,11.38,0
7123,2060,11.38,0
7123,2060,11.38,0
7123,2060,11.38,0
7123,2060,11.38,0
7123,2060,11.38,0
7123,2060,11.38,0
7123,2060,11.38,0
7123,2060,11.38,0
7123,2060,11.38,0
8506,5360,415.85,0
8506,5360,415.85,0
8506,5360,415.85,0
8506,5360,415.85,0
8506,5360,415.85,0
8506,5360,415.85,0
8506,5360,415.85,0
8506,5360,415.85,0
8506,5360,415.85,0
8506,5360,415.85,0
8506,5360,415.85,0
8506,5360,415.85,0
8506,5360,415.85,0
8506,5360,415.85,0
8506,5360,415.85,0
8506,5360,415.85,0
8506,5360,415.85,0
8506,5360,415.85,0
8506,5360,415.85,0
8506,5360,415.85,0
8506,5360,415.85,0
8506,5360,415.85,0
8506,5360,415.85,0
8506,5360,415.85,0
8506,5360,415.85,0
8506,5360,415.85,0
8506,5360,415.85,0
8506,5360,415.85,0
8506,5360,415.85,0
8506,5360,415.85,0
8506,5360,415.85,0
8506,5360,415.85,0
8506,5360,415.85,0
8506,5360,415.85,0
8506,5360,415.85,0
8506,5360,415.85,0
8506,5360,415.85,0
8506,5360,415.85,0
8506,5360,415.85,0
8506,5360,415.85,0
8506,5360,415.85,0
8506,5360,415.85,0
8506,5360,415.85,0
8506,5360,415.85,0
8506,5360,415.85,0
8506,5360,415.85,0
8506,5360,415.85,0
8506,5360,415.85,0
8506,5360,415.85,0
8506,5360,415.85,0
8506,5360,415.85,0
8506,5360,415.85,0
8506,5360,415.85,0
8506,5360,415.85,0
8506,5360,415.85,0
8506,5360,415.85,0
8506,5360,415.85,0
8506,5360,415.85,0
8506,5360,415.85,0
8506,5360,415.85,0
8506,5360,415.85,0
8506,5360,415.85,0
8506,5360,415.85,0
8506,5360,415.85,0
8506,5360,415.85,0
8506,5360,415.85,0
8506,5360,415.85,0
8506,5360,415.85,0
8506,5360,415.85,0
8506,5360,415.85,0
8506,5360,415.85,0
8506,5360,415.85,0
8506,5360,415.85,0
8506,5360,415.85,0
8506,5360,415.85,0
8506,5360,415.85,0
8506,5360,415.85,0
8506,5360,415.85,0
8506,5360,415.85,0
8506,5360,415.85,0
8506,5360,415.85,0
8506,5360,415.85,0
8506,5360,415.85,0
8506,5360,415.85,0
8506,5360,415.85,0
8506,5360,415.85,0
8506,5360,415.85,0
8506,5360,415.85,0
8506,5360,415.85,0
8506,5360,415.85,0
8506,5360,415.85,0
8506,5360,415.85,0
8506,5360,415.85,0
8506,5360,415.85,0
8506,5360,415.85,0
8506,5360,415.85,0
8506,5360,415.85,0
8506,5360,415.85,0
8506,5360,415.85,0
8506,5360,415.85,0
8506,5360,415.85,0
8506,5360,415.85,0
8506,5360,415.85,0
8506,5360,415.85,0
8506,5360,415.85,0
8506,5360,415.85,0
8506,5360,415.85,0
8506,5360,415.85,0
8506,5360,415.85,0
8506,5360,415.85,0
8506,5360,415.85,0
8506,5360,415.85,0
8506,5360,415.85,0
8506,5360,415.85,0
8506,5360,415.85,0
8506,5360,415.85,0
8506,5360,415.85,0
8506,5360,415.85,0
8506,5360,415.85,0
8506,5360,415.85,0
8506,5360,415.85,0
8506,5360,415.85,0
8506,5360,415.85,0
8506,5360,415.85,0
8506,5360,415.85,0
8506,5360,415.85,0
8506,5360,415.85,0
8506,5360,415.85,0
8506,5360,415.85,0
8506,5360,415.85,0
8506,5360,415.85,0
8506,5360,415.85,0
8506,5360,415.85,0
8506,5360,415.85,0
8506,5360,415.85,0
8506,5360,415.85,0
8506,5360,415.85,0
8506,5360,415.85,0
8506,5360,415.85,0
8506,5360,415.85,0
8506,5360,415.85,0
8506,5360,415.85,0
8506,5360,415.85,0
8506,5360,415.85,0
8506,5360,415.85,0
8506,5360,415.85,0
8506,5360,415.85,0
8506,5360,415.85,0
8506,5360,415.85,0
8506,5360,415.85,0
8506,5360,415.85,0
8506,5360,415.85,0
8506,5360,415.85,0
8506,5360,415.85,0
8506,5360,415.85,0
8506,5360,415.85,0
8506,5360,415.85,0
8506,5360,415.85,0
8506,5360,415.85,0
8506,5360,415.85,0
8506,5360,415.85,0
8506,5360,415.85,0
8506,5360,415.85,0
8506,5360,415.85,0
8506,5360,415.85,0
8506,5360,415.85,0
8506,5360,415.85,0
8506,5360,415.85,0
8506,5360,415.85,0
8506,5360,415.85,0
8506,5360,415.85,0
8506,5360,415.85,0
8506,5360,415.85,0
8506,5360,415.85,0
8506,5360,415.85,0
8506,5360,415.85,0
8506,5360,415.85,0
8506,5360,415.85,0
8506,5360,415.85,0
8506,5360,415.85,0
382,8211,0.0,0
382,8211,8065.67,0
382,8211,18426.03,0
382,8211,137555.15,0
382,8211,143613.0,0
382,8211,2304594.5,0
382,8211,12899129.0,0
382,8984,4030.92,0
382,8984,11705.57,0
382,8984,58095.05,0
382,8984,140629.6,0
382,8984,146299.92,0
382,8984,8735305.0,0
382,8807,7125.15,0
382,8807,15825.64,0
382,8807,137583.2,0
382,8807,143820.1,0
382,8807,2304707.0,0
382,8807,12896577.0,0
382,7358,2904.81,0
382,7358,11000.73,0
382,7358,22969.37,0
382,7358,138275.78,0
382,7358,143258.03,0
382,7358,2306957.5,0
6613,9975,162.3,0
6613,9975,162.3,0
6613,9975,162.3,0
6613,9975,162.3,0
6613,9975,162.3,0
6613,9975,162.3,0
6613,9975,162.3,0
6613,9975,162.3,0
6613,9975,162.3,0
6613,9975,162.3,0
6613,9975,162.3,0
6613,9975,162.3,0
6613,9975,162.3,0
6613,9975,162.3,0
6613,9975,162.3,0
6613,9975,162.3,0
6613,9975,162.3,0
6613,9975,162.3,0
6613,9975,162.3,0
6613,9975,162.3,0
6613,2775,162.3,0
6613,2775,162.3,0
6613,2775,162.3,0
6613,2775,162.3,0
6613,2775,162.3,0
6613,2775,162.3,0
6613,2775,162.3,0
6613,2775,162.3,0
6613,2775,162.3,0
6613,2775,162.3,0
6613,2775,162.3,0
6613,2775,162.3,0
6613,2775,162.3,0
6613,2775,162.3,0
6613,2775,162.3,0
6613,2775,162.3,0
6613,2775,162.3,0
6613,2775,162.3,0
6613,2775,162.3,0
6613,2775,162.3,0
6613,9998,162.3,0
6613,9998,162.3,0
6613,9998,162.3,0
6613,9998,162.3,0
6613,9998,162.3,0
6613,9998,162.3,0
6613,9998,162.3,0
6613,9998,162.3,0
6613,9998,162.3,0
6613,9998,162.3,0
6613,9998,162.3,0
6613,9998,162.3,0
6613,9998,162.3,0
6613,9998,162.3,0
6613,9998,162.3,0
6613,9998,162.3,0
6613,9998,162.3,0
6613,9998,162.3,0
6613,9998,162.3,0
6613,9998,162.3,0
6613,9968,162.3,0
6613,9968,162.3,0
6613,9968,162.3,0
6613,9968,162.3,0
6613,9968,162.3,0
6613,9968,162.3,0
6613,9968,162.3,0
6613,9968,162.3,0
6613,9968,162.3,0
6613,9968,162.3,0
6613,9968,162.3,0
6613,9968,162.3,0
6613,9968,162.3,0
6613,9968,162.3,0
6613,9968,162.3,0
6613,9968,162.3,0
6613,9968,162.3,0
6613,9968,162.3,0
6613,9968,162.3,0
6613,9968,162.3,0
6613,9979,162.3,0
6613,9979,162.3,0
6613,9979,162.3,0
6613,9979,162.3,0
6613,9979,162.3,0
6613,9979,162.3,0
6613,9979,162.3,0
6613,9979,162.3,0
6613,9979,162.3,0
6613,9979,162.3,0
6613,9979,162.3,0
6613,9979,162.3,0
6613,9979,162.3,0
6613,9979,162.3,0
6613,9979,162.3,0
6613,9979,162.3,0
6613,9979,162.3,0
6613,9979,162.3,0
6613,9979,162.3,0
6613,9979,162.3,0
6613,9527,162.3,0
6613,9527,162.3,0
6613,9527,162.3,0
6613,9527,162.3,0
6613,9527,162.3,0
6613,9527,162.3,0
6613,9527,162.3,0
6613,9527,162.3,0
6613,9527,162.3,0
6613,9527,162.3,0
6613,9527,162.3,0
6613,9527,162.3,0
6613,9527,162.3,0
6613,9527,162.3,0
6613,9527,162.3,0
6613,9527,162.3,0
6613,9527,162.3,0
6613,9527,162.3,0
6613,9527,162.3,0
6613,9527,162.3,0
6613,5515,162.3,0
6613,5515,162.3,0
6613,5515,162.3,0
6613,5515,162.3,0
6613,5515,162.3,0
6613,5515,162.3,0
6613,5515,162.3,0
6613,5515,162.3,0
6613,5515,162.3,0
6613,5515,162.3,0
6613,5515,162.3,0
6613,5515,162.3,0
6613,5515,162.3,0
6613,5515,162.3,0
6613,5515,162.3,0
6613,5515,162.3,0
6613,5515,162.3,0
6613,5515,162.3,0
6613,5515,162.3,0
6613,5515,162.3,0
6613,361,162.3,0
6613,361,162.3,0
6613,361,162.3,0
6613,361,162.3,0
6613,361,162.3,0
6613,361,162.3,0
6613,361,162.3,0
6613,361,162.3,0
6613,361,162.3,0
6613,361,162.3,0
6613,361,162.3,0
6613,361,162.3,0
6613,361,162.3,0
6613,361,162.3,0
6613,361,162.3,0
6613,361,162.3,0
6613,361,162.3,0
6613,361,162.3,0
6613,361,162.3,0
6613,361,162.3,0
6613,9261,162.3,0
6613,9261,162.3,0
6613,9261,162.3,0
6613,9261,162.3,0
6613,9261,162.3,0
6613,9261,162.3,0
6613,9261,162.3,0
6613,9261,162.3,0
6613,9261,162.3,0
6613,9261,162.3,0
6613,9261,162.3,0
6613,9261,162.3,0
6613,9261,162.3,0
6613,9261,162.3,0
6613,9261,162.3,0
6613,9261,162.3,0
6613,9261,162.3,0
6613,9261,162.3,0
6613,9261,162.3,0
6613,9261,162.3,0
6613,2626,162.3,0
6613,2626,162.3,0
6613,2626,162.3,0
6613,2626,162.3,0
6613,2626,162.3,0
6613,2626,162.3,0
6613,2626,162.3,0
6613,2626,162.3,0
6613,2626,162.3,0
6613,2626,162.3,0
6613,2626,162.3,0
6613,2626,162.3,0
6613,2626,162.3,0
6613,2626,162.3,0
6613,2626,162.3,0
6613,2626,162.3,0
6613,2626,162.3,0
6613,2626,162.3,0
6613,2626,162.3,0
6613,2626,162.3,0
6613,8184,162.3,0
6613,8184,162.3,0
6613,8184,162.3,0
6613,8184,162.3,0
6613,8184,162.3,0
6613,8184,162.3,0
6613,8184,162.3,0
6613,8184,162.3,0
6613,8184,162.3,0
6613,8184,162.3,0
6613,8184,162.3,0
6613,8184,162.3,0
6613,8184,162.3,0
6613,8184,162.3,0
6613,8184,162.3,0
6613,8184,162.3,0
6613,8184,162.3,0
6613,8184,162.3,0
6613,8184,162.3,0
6613,8184,162.3,0
8545,9466,559.09,0
8545,9466,559.09,0
8545,9466,559.09,0
8545,9466,559.09,0
8545,9466,559.09,0
8545,9466,559.09,0
8545,9466,559.09,0
8545,9466,559.09,0
8545,9466,559.09,0
8545,9466,559.09,0
8545,9466,559.09,0
8545,9466,559.09,0
8545,9466,559.09,0
8545,9466,559.09,0
8545,9466,559.09,0
8545,9466,559.09,0
8545,9466,559.09,0
8545,9466,559.09,0
8545,9466,559.09,0
8545,9466,559.09,0
8545,9466,559.09,0
8545,9466,559.09,0
8545,9466,559.09,0
8545,9466,559.09,0
8545,9466,559.09,0
8545,9466,559.09,0
8545,9466,559.09,0
8545,9466,559.09,0
8545,9466,559.09,0
8545,9466,559.09,0
8545,9466,559.09,0
8545,9466,559.09,0
8545,9466,559.09,0
8545,9466,559.09,0
8545,9466,559.09,0
8545,9466,559.09,0
8545,9466,559.09,0
8545,9466,559.09,0
8545,9466,559.09,0
8545,9466,559.09,0
8545,9466,559.09,0
8545,9466,559.09,0
8545,9466,559.09,0
8545,9466,559.09,0
8545,9466,559.09,0
8545,9466,559.09,0
8545,9466,559.09,0
8545,9466,559.09,0
8545,9466,559.09,0
8545,9466,559.09,0
8545,9466,559.09,0
8545,9466,559.09,0
8545,9466,559.09,0
8545,9466,559.09,0
8545,9466,559.09,0
8545,9466,559.09,0
8545,9466,559.09,0
8545,9466,559.09,0
8545,9466,559.09,0
8545,9466,559.09,0
8545,9466,559.09,0
8545,9466,559.09,0
8545,9466,559.09,0
8545,9466,559.09,0
8545,9466,559.09,0
8545,9466,559.09,0
8545,9466,559.09,0
8545,9466,559.09,0
8545,9466,559.09,0
8545,9466,559.09,0
8545,9466,559.09,0
8545,9466,559.09,0
8545,9466,559.09,0
8545,9466,559.09,0
8545,9466,559.09,0
8545,9466,559.09,0
8545,9466,559.09,0
8545,9466,559.09,0
8545,9466,559.09,0
8545,9466,559.09,0
8545,9466,559.09,0
8545,9466,559.09,0
8545,9466,559.09,0
8545,9466,559.09,0
8545,9466,559.09,0
8545,9466,559.09,0
8545,9466,559.09,0
8545,9466,559.09,0
8545,9466,559.09,0
8545,9466,559.09,0
8545,9466,559.09,0
8545,9466,559.09,0
8545,9466,559.09,0
8545,9466,559.09,0
8545,9466,559.09,0
8545,9466,559.09,0
8545,9466,559.09,0
8545,9466,559.09,0
8545,9466,559.09,0
8545,9466,559.09,0
8545,9466,559.09,0
8545,9466,559.09,0
8545,9466,559.09,0
8545,9466,559.09,0
8545,9466,559.09,0
8545,9466,559.09,0
8545,9466,559.09,0
8545,9466,559.09,0
8545,9466,559.09,0
8545,9466,559.09,0
8545,9466,559.09,0
8545,9466,559.09,0
8545,9466,559.09,0
8545,9466,559.09,0
8545,9466,559.09,0
8545,9466,559.09,0
8545,9466,559.09,0
8545,9466,559.09,0
8545,9466,559.09,0
8545,9466,559.09,0
8545,9466,559.09,0
8545,9466,559.09,0
8545,9466,559.09,0
8545,9466,559.09,0
8545,9466,559.09,0
8545,9466,559.09,0
8545,9466,559.09,0
8545,9466,559.09,0
8545,9466,559.09,0
8545,9466,559.09,0
8545,9466,559.09,0
8545,9466,559.09,0
8545,9466,559.09,0
8545,9466,559.09,0
8545,9466,559.09,0
8545,9466,559.09,0
8545,9466,559.09,0
8545,9466,559.09,0
8545,9466,559.09,0
8545,9466,559.09,0
8545,9466,559.09,0
8545,9466,559.09,0
8545,9466,559.09,0
8545,9466,559.09,0
8545,9466,559.09,0
8545,9466,559.09,0
8545,9466,559.09,0
8545,9466,559.09,0
8545,9466,559.09,0
8545,9466,559.09,0
8545,9466,559.09,0
8545,9466,559.09,0
8545,9466,559.09,0
8545,9466,559.09,0
8545,9466,559.09,0
8545,9466,559.09,0
8545,9466,559.09,0
8545,9466,559.09,0
8545,9466,559.09,0
8545,9466,559.09,0
8545,9466,559.09,0
8545,9466,559.09,0
8545,9466,559.09,0
8545,9466,559.09,0
8545,9466,559.09,0
8545,9466,559.09,0
8545,9466,559.09,0
8545,9466,559.09,0
8545,9466,559.09,0
8545,9466,559.09,0
8545,9466,559.09,0
8545,9466,559.09,0
8545,9466,559.09,0
8545,9466,559.09,0
8545,9466,559.09,0
8545,9466,559.09,0
8545,9466,559.09,0
8545,9466,559.09,0
8545,9466,559.09,0
8545,9466,559.09,0
4705,9310,177.47,0
4705,9310,177.47,0
4705,9310,177.47,0
4705,9310,177.47,0
4705,9310,177.47,0
4705,9310,177.47,0
4705,9310,177.47,0
4705,9310,177.47,0
4705,9310,177.47,0
4705,9310,177.47,0
4705,9310,177.47,0
4705,9310,177.47,0
4705,9310,177.47,0
4705,9310,177.47,0
4705,9310,177.47,0
4705,9310,177.47,0
4705,9310,177.47,0
4705,9310,177.47,0
4705,9310,177.47,0
4705,9310,177.47,0
4705,9797,177.47,0
4705,9797,177.47,0
4705,9797,177.47,0
4705,9797,177.47,0
4705,9797,177.47,0
4705,9797,177.47,0
4705,9797,177.47,0
4705,9797,177.47,0
4705,9797,177.47,0
4705,9797,177.47,0
4705,9797,177.47,0
4705,9797,177.47,0
4705,9797,177.47,0
4705,9797,177.47,0
4705,9797,177.47,0
4705,9797,177.47,0
4705,9797,177.47,0
4705,9797,177.47,0
4705,9797,177.47,0
4705,9797,177.47,0
4705,6997,177.47,0
4705,6997,177.47,0
4705,6997,177.47,0
4705,6997,177.47,0
4705,6997,177.47,0
4705,6997,177.47,0
4705,6997,177.47,0
4705,6997,177.47,0
4705,6997,177.47,0
4705,6997,177.47,0
4705,6997,177.47,0
4705,6997,177.47,0
4705,6997,177.47,0
4705,6997,177.47,0
4705,6997,177.47,0
4705,6997,177.47,0
4705,6997,177.47,0
4705,6997,177.47,0
4705,6997,177.47,0
4705,6997,177.47,0
4705,3972,177.47,0
4705,3972,177.47,0
4705,3972,177.47,0
4705,3972,177.47,0
4705,3972,177.47,0
4705,3972,177.47,0
4705,3972,177.47,0
4705,3972,177.47,0
4705,3972,177.47,0
4705,3972,177.47,0
4705,3972,177.47,0
4705,3972,177.47,0
4705,3972,177.47,0
4705,3972,177.47,0
4705,3972,177.47,0
4705,3972,177.47,0
4705,3972,177.47,0
4705,3972,177.47,0
4705,3972,177.47,0
4705,3972,177.47,0
4705,4325,177.47,0
4705,4325,177.47,0
4705,4325,177.47,0
4705,4325,177.47,0
4705,4325,177.47,0
4705,4325,177.47,0
4705,4325,177.47,0
4705,4325,177.47,0
4705,4325,177.47,0
4705,4325,177.47,0
4705,4325,177.47,0
4705,4325,177.47,0
4705,4325,177.47,0
4705,4325,177.47,0
4705,4325,177.47,0
4705,4325,177.47,0
4705,4325,177.47,0
4705,4325,177.47,0
4705,4325,177.47,0
4705,4325,177.47,0
4705,6824,177.47,0
4705,6824,177.47,0
4705,6824,177.47,0
4705,6824,177.47,0
4705,6824,177.47,0
4705,6824,177.47,0
4705,6824,177.47,0
4705,6824,177.47,0
4705,6824,177.47,0
4705,6824,177.47,0
4705,6824,177.47,0
4705,6824,177.47,0
4705,6824,177.47,0
4705,6824,177.47,0
4705,6824,177.47,0
4705,6824,177.47,0
4705,6824,177.47,0
4705,6824,177.47,0
4705,6824,177.47,0
4705,6824,177.47,0
4705,3150,177.47,0
4705,3150,177.47,0
4705,3150,177.47,0
4705,3150,177.47,0
4705,3150,177.47,0
4705,3150,177.47,0
4705,3150,177.47,0
4705,3150,177.47,0
4705,3150,177.47,0
4705,3150,177.47,0
4705,3150,177.47,0
4705,3150,177.47,0
4705,3150,177.47,0
4705,3150,177.47,0
4705,3150,177.47,0
4705,3150,177.47,0
4705,3150,177.47,0
4705,3150,177.47,0
4705,3150,177.47,0
4705,3150,177.47,0
4705,9394,177.47,0
4705,9394,177.47,0
4705,9394,177.47,0
4705,9394,177.47,0
4705,9394,177.47,0
4705,9394,177.47,0
4705,9394,177.47,0
4705,9394,177.47,0
4705,9394,177.47,0
4705,9394,177.47,0
4705,9394,177.47,0
4705,9394,177.47,0
4705,9394,177.47,0
4705,9394,177.47,0
4705,9394,177.47,0
4705,9394,177.47,0
4705,9394,177.47,0
4705,9394,177.47,0
4705,9394,177.47,0
4705,9394,177.47,0
7425,9047,563.26,0
7425,9047,563.26,0
7425,9047,563.26,0
7425,9047,563.26,0
7425,9047,563.26,0
7425,9047,563.26,0
7425,9047,563.26,0
7425,9047,563.26,0
7425,9047,563.26,0
7425,9047,563.26,0
7425,9047,563.26,0
7425,9047,563.26,0
7425,9047,563.26,0
7425,9047,563.26,0
7425,9047,563.26,0
7425,9047,563.26,0
7425,9047,563.26,0
7425,9047,563.26,0
7425,9047,563.26,0
7425,9047,563.26,0
7425,9047,563.26,0
7425,9047,563.26,0
7425,9047,563.26,0
7425,9047,563.26,0
7425,9047,563.26,0
7425,9047,563.26,0
7425,9047,563.26,0
7425,9047,563.26,0
7425,9047,563.26,0
7425,9047,563.26,0
7425,9047,563.26,0
7425,9047,563.26,0
7425,9047,563.26,0
7425,9047,563.26,0
7425,9047,563.26,0
7425,9047,563.26,0
7425,9047,563.26,0
7425,9047,563.26,0
7425,9047,563.26,0
7425,9047,563.26,0
7425,9047,563.26,0
7425,9047,563.26,0
7425,9047,563.26,0
7425,9047,563.26,0
7425,9047,563.26,0
7425,9047,563.26,0
7425,9047,563.26,0
7425,9047,563.26,0
7425,9047,563.26,0
7425,9047,563.26,0
7425,9047,563.26,0
7425,9047,563.26,0
7425,9047,563.26,0
7425,9047,563.26,0
7425,9047,563.26,0
7425,9047,563.26,0
7425,9047,563.26,0
7425,9047,563.26,0
7425,9047,563.26,0
7425,9047,563.26,0
7425,9047,563.26,0
7425,9047,563.26,0
7425,9047,563.26,0
7425,9047,563.26,0
7425,9047,563.26,0
7425,9047,563.26,0
7425,9047,563.26,0
7425,9047,563.26,0
7425,9047,563.26,0
7425,9047,563.26,0
7425,9047,563.26,0
7425,9047,563.26,0
7425,9047,563.26,0
7425,9047,563.26,0
7425,9047,563.26,0
7425,9047,563.26,0
7425,9047,563.26,0
7425,9047,563.26,0
7425,9047,563.26,0
7425,9047,563.26,0
7425,9047,563.26,0
7425,9047,563.26,0
7425,9047,563.26,0
7425,9047,563.26,0
7425,9047,563.26,0
7425,9047,563.26,0
7425,9047,563.26,0
7425,9047,563.26,0
7425,9047,563.26,0
7425,9047,563.26,0
7425,9047,563.26,0
7425,9047,563.26,0
7425,9047,563.26,0
7425,9047,563.26,0
7425,9047,563.26,0
7425,9047,563.26,0
7425,9047,563.26,0
7425,9047,563.26,0
7425,9047,563.26,0
7425,9047,563.26,0
7425,9047,563.26,0
7425,9047,563.26,0
7425,9047,563.26,0
7425,9047,563.26,0
7425,9047,563.26,0
7425,9047,563.26,0
7425,9047,563.26,0
7425,9047,563.26,0
7425,9047,563.26,0
7425,9047,563.26,0
7425,9047,563.26,0
7425,9047,563.26,0
7425,9047,563.26,0
7425,9047,563.26,0
7425,9047,563.26,0
7425,9047,563.26,0
7425,9047,563.26,0
7425,9047,563.26,0
7425,9047,563.26,0
7425,9047,563.26,0
7425,9047,563.26,0
7425,9047,563.26,0
7425,9047,563.26,0
7425,9047,563.26,0
7425,9047,563.26,0
7425,9047,563.26,0
7425,9047,563.26,0
7425,9047,563.26,0
7425,9047,563.26,0
7425,9047,563.26,0
7425,9047,563.26,0
7425,9047,563.26,0
7425,9047,563.26,0
7425,9047,563.26,0
7425,9047,563.26,0
7425,9047,563.26,0
7425,9047,563.26,0
7425,9047,563.26,0
7425,9047,563.26,0
7425,9047,563.26,0
7425,9047,563.26,0
7425,9047,563.26,0
7425,9047,563.26,0
7425,9047,563.26,0
7425,9047,563.26,0
7425,9047,563.26,0
7425,9047,563.26,0
7425,9047,563.26,0
7425,9047,563.26,0
7425,9047,563.26,0
7425,9047,563.26,0
7425,9047,563.26,0
7425,9047,563.26,0
7425,9047,563.26,0
7425,9047,563.26,0
7425,9047,563.26,0
7425,9047,563.26,0
7425,9047,563.26,0
7425,9047,563.26,0
7425,9047,563.26,0
7425,9047,563.26,0
7425,9047,563.26,0
7425,9047,563.26,0
7425,9047,563.26,0
7425,9047,563.26,0
7425,9047,563.26,0
7425,9047,563.26,0
7425,9047,563.26,0
7425,9047,563.26,0
7425,9047,563.26,0
7425,9047,563.26,0
7425,9047,563.26,0
7425,9047,563.26,0
7425,9047,563.26,0
7425,9047,563.26,0
7425,9047,563.26,0
7425,9047,563.26,0
7425,9047,563.26,0
7425,9047,563.26,0
7425,9047,563.26,0
7425,6677,3.37,1
1638,1996,171.25,0
1638,1996,171.25,0
1638,1996,171.25,0
1638,1996,171.25,0
1638,1996,171.25,0
1638,1996,171.25,0
1638,1996,171.25,0
1638,1996,171.25,0
1638,1996,171.25,0
1638,1996,171.25,0
1638,1996,171.25,0
1638,1996,171.25,0
1638,1996,171.25,0
1638,1996,171.25,0
1638,1996,171.25,0
1638,1996,171.25,0
1638,1996,171.25,0
1638,1996,171.25,0
1638,1996,171.25,0
1638,1996,171.25,0
1638,4154,171.25,0
1638,4154,171.25,0
1638,4154,171.25,0
1638,4154,171.25,0
1638,4154,171.25,0
1638,4154,171.25,0
1638,4154,171.25,0
1638,4154,171.25,0
1638,4154,171.25,0
1638,4154,171.25,0
1638,4154,171.25,0
1638,4154,171.25,0
1638,4154,171.25,0
1638,4154,171.25,0
1638,4154,171.25,0
1638,4154,171.25,0
1638,4154,171.25,0
1638,4154,171.25,0
1638,4154,171.25,0
1638,4154,171.25,0
1638,3386,171.25,0
1638,3386,171.25,0
1638,3386,171.25,0
1638,3386,171.25,0
1638,3386,171.25,0
1638,3386,171.25,0
1638,3386,171.25,0
1638,3386,171.25,0
1638,3386,171.25,0
1638,3386,171.25,0
1638,3386,171.25,0
1638,3386,171.25,0
1638,3386,171.25,0
1638,3386,171.25,0
1638,3386,171.25,0
1638,3386,171.25,0
1638,3386,171.25,0
1638,3386,171.25,0
1638,3386,171.25,0
1638,3386,171.25,0
1638,2509,171.25,0
1638,2509,171.25,0
1638,2509,171.25,0
1638,2509,171.25,0
1638,2509,171.25,0
1638,2509,171.25,0
1638,2509,171.25,0
1638,2509,171.25,0
1638,2509,171.25,0
1638,2509,171.25,0
1638,2509,171.25,0
1638,2509,171.25,0
1638,2509,171.25,0
1638,2509,171.25,0
1638,2509,171.25,0
1638,2509,171.25,0
1638,2509,171.25,0
1638,2509,171.25,0
1638,2509,171.25,0
1638,2509,171.25,0
1638,5506,171.25,0
1638,5506,171.25,0
1638,5506,171.25,0
1638,5506,171.25,0
1638,5506,171.25,0
1638,5506,171.25,0
1638,5506,171.25,0
1638,5506,171.25,0
1638,5506,171.25,0
1638,5506,171.25,0
1638,5506,171.25,0
1638,5506,171.25,0
1638,5506,171.25,0
1638,5506,171.25,0
1638,5506,171.25,0
1638,5506,171.25,0
1638,5506,171.25,0
1638,5506,171.25,0
1638,5506,171.25,0
1638,5506,171.25,0
1638,7482,171.25,0
1638,7482,171.25,0
1638,7482,171.25,0
1638,7482,171.25,0
1638,7482,171.25,0
1638,7482,171.25,0
1638,7482,171.25,0
1638,7482,171.25,0
1638,7482,171.25,0
1638,7482,171.25,0
1638,7482,171.25,0
1638,7482,171.25,0
1638,7482,171.25,0
1638,7482,171.25,0
1638,7482,171.25,0
1638,7482,171.25,0
1638,7482,171.25,0
1638,7482,171.25,0
1638,7482,171.25,0
1638,7482,171.25,0
14,2909,80.91,0
14,2909,80.91,0
14,2909,80.91,0
14,2909,80.91,0
14,2909,80.91,0
14,2909,80.91,0
14,2909,80.91,0
14,2909,80.91,0
14,2909,80.91,0
14,2909,80.91,0
14,2909,80.91,0
14,2909,80.91,0
14,2909,80.91,0
14,2909,80.91,0
14,2909,80.91,0
14,7000,80.91,0
14,7000,80.91,0
14,7000,80.91,0
14,7000,80.91,0
14,7000,80.91,0
14,7000,80.91,0
14,7000,80.91,0
14,7000,80.91,0
14,7000,80.91,0
14,7000,80.91,0
14,7000,80.91,0
14,7000,80.91,0
14,7000,80.91,0
14,7000,80.91,0
14,7000,80.91,0
1593,1338,564.4,0
1593,1338,564.4,0
1593,1338,564.4,0
1593,1338,564.4,0
1593,1338,564.4,0
1593,1338,564.4,0
1593,1338,564.4,0
1593,1338,564.4,0
1593,1338,564.4,0
1593,1338,564.4,0
1593,1338,564.4,0
1593,1338,564.4,0
1593,1338,564.4,0
1593,1338,564.4,0
1593,1338,564.4,0
1593,1338,564.4,0
1593,1338,564.4,0
1593,1338,564.4,0
1593,1338,564.4,0
1593,1338,564.4,0
1593,1338,564.4,0
1593,1338,564.4,0
1593,1338,564.4,0
1593,1338,564.4,0
1593,1338,564.4,0
1593,1338,564.4,0
1593,1338,564.4,0
1593,1338,564.4,0
1593,1338,564.4,0
1593,1338,564.4,0
1593,1338,564.4,0
1593,1338,564.4,0
1593,1338,564.4,0
1593,1338,564.4,0
1593,1338,564.4,0
1593,1338,564.4,0
1593,1338,564.4,0
1593,1338,564.4,0
1593,1338,564.4,0
1593,1338,564.4,0
1593,1338,564.4,0
1593,1338,564.4,0
1593,1338,564.4,0
1593,1338,564.4,0
1593,1338,564.4,0
1593,1338,564.4,0
1593,1338,564.4,0
1593,1338,564.4,0
1593,1338,564.4,0
1593,1338,564.4,0
1593,1338,564.4,0
1593,1338,564.4,0
1593,1338,564.4,0
1593,1338,564.4,0
1593,1338,564.4,0
1593,1338,564.4,0
1593,1338,564.4,0
1593,1338,564.4,0
1593,1338,564.4,0
1593,1338,564.4,0
1593,1338,564.4,0
1593,1338,564.4,0
1593,1338,564.4,0
1593,1338,564.4,0
1593,1338,564.4,0
1593,1338,564.4,0
1593,1338,564.4,0
1593,1338,564.4,0
1593,1338,564.4,0
1593,1338,564.4,0
1593,1338,564.4,0
1593,1338,564.4,0
1593,1338,564.4,0
1593,1338,564.4,0
1593,1338,564.4,0
1593,1338,564.4,0
1593,1338,564.4,0
1593,1338,564.4,0
1593,1338,564.4,0
1593,1338,564.4,0
1593,1338,564.4,0
1593,1338,564.4,0
1593,1338,564.4,0
1593,1338,564.4,0
1593,1338,564.4,0
1593,1338,564.4,0
1593,1338,564.4,0
1593,1338,564.4,0
1593,1338,564.4,0
1593,1338,564.4,0
1593,1338,564.4,0
1593,1338,564.4,0
1593,1338,564.4,0
1593,1338,564.4,0
1593,1338,564.4,0
1593,1338,564.4,0
1593,1338,564.4,0
1593,1338,564.4,0
1593,1338,564.4,0
1593,1338,564.4,0
1593,1338,564.4,0
1593,1338,564.4,0
1593,1338,564.4,0
1593,1338,564.4,0
1593,1338,564.4,0
1593,1338,564.4,0
1593,1338,564.4,0
1593,1338,564.4,0
1593,1338,564.4,0
1593,1338,564.4,0
1593,1338,564.4,0
1593,1338,564.4,0
1593,1338,564.4,0
1593,1338,564.4,0
1593,1338,564.4,0
1593,1338,564.4,0
1593,1338,564.4,0
1593,1338,564.4,0
1593,1338,564.4,0
1593,1338,564.4,0
1593,1338,564.4,0
1593,1338,564.4,0
1593,1338,564.4,0
1593,1338,564.4,0
1593,1338,564.4,0
1593,1338,564.4,0
1593,1338,564.4,0
1593,1338,564.4,0
1593,1338,564.4,0
1593,1338,564.4,0
1593,1338,564.4,0
1593,1338,564.4,0
1593,1338,564.4,0
1593,1338,564.4,0
1593,1338,564.4,0
1593,1338,564.4,0
1593,1338,564.4,0
1593,1338,564.4,0
1593,1338,564.4,0
1593,1338,564.4,0
1593,1338,564.4,0
1593,1338,564.4,0
1593,1338,564.4,0
1593,1338,564.4,0
1593,1338,564.4,0
1593,1338,564.4,0
1593,1338,564.4,0
1593,1338,564.4,0
1593,1338,564.4,0
1593,1338,564.4,0
1593,1338,564.4,0
1593,1338,564.4,0
1593,1338,564.4,0
1593,1338,564.4,0
1593,1338,564.4,0
1593,1338,564.4,0
1593,1338,564.4,0
1593,1338,564.4,0
1593,1338,564.4,0
1593,1338,564.4,0
1593,1338,564.4,0
1593,1338,564.4,0
1593,1338,564.4,0
1593,1338,564.4,0
1593,1338,564.4,0
1593,1338,564.4,0
1593,1338,564.4,0
1593,1338,564.4,0
1593,1338,564.4,0
1593,1338,564.4,0
1593,1338,564.4,0
1593,1338,564.4,0
1593,1338,564.4,0
1593,1338,564.4,0
1593,1338,564.4,0
1593,1338,564.4,0
1593,1338,564.4,0
1593,1338,564.4,0
1593,1338,564.4,0
1593,1338,564.4,0
8583,8553,425.6,0
8583,8553,425.6,0
8583,8553,425.6,0
8583,8553,425.6,0
8583,8553,425.6,0
8583,8553,425.6,0
8583,8553,425.6,0
8583,8553,425.6,0
8583,8553,425.6,0
8583,8553,425.6,0
8583,8553,425.6,0
8583,8553,425.6,0
8583,8553,425.6,0
8583,8553,425.6,0
8583,8553,425.6,0
8583,8553,425.6,0
8583,8553,425.6,0
8583,8553,425.6,0
8583,8553,425.6,0
8583,8553,425.6,0
8583,8553,425.6,0
8583,8553,425.6,0
8583,8553,425.6,0
8583,8553,425.6,0
8583,8553,425.6,0
8583,8553,425.6,0
8583,8553,425.6,0
8583,8553,425.6,0
8583,8553,425.6,0
8583,8553,425.6,0
8583,8553,425.6,0
8583,8553,425.6,0
8583,8553,425.6,0
8583,8553,425.6,0
8583,8553,425.6,0
8583,8553,425.6,0
8583,8553,425.6,0
8583,8553,425.6,0
8583,8553,425.6,0
8583,8553,425.6,0
8583,8553,425.6,0
8583,8553,425.6,0
8583,8553,425.6,0
8583,8553,425.6,0
8583,8553,425.6,0
8583,8553,425.6,0
8583,8553,425.6,0
8583,8553,425.6,0
8583,8553,425.6,0
8583,8553,425.6,0
8583,8553,425.6,0
8583,8553,425.6,0
8583,8553,425.6,0
8583,8553,425.6,0
8583,8553,425.6,0
8583,8553,425.6,0
8583,8553,425.6,0
8583,8553,425.6,0
8583,8553,425.6,0
8583,8553,425.6,0
8583,8553,425.6,0
8583,8553,425.6,0
8583,8553,425.6,0
8583,8553,425.6,0
8583,8553,425.6,0
8583,8553,425.6,0
8583,8553,425.6,0
8583,8553,425.6,0
8583,8553,425.6,0
8583,8553,425.6,0
8583,8553,425.6,0
8583,8553,425.6,0
8583,8553,425.6,0
8583,8553,425.6,0
8583,8553,425.6,0
8583,8553,425.6,0
8583,8553,425.6,0
8583,8553,425.6,0
8583,8553,425.6,0
8583,8553,425.6,0
8583,8553,425.6,0
8583,8553,425.6,0
8583,8553,425.6,0
8583,8553,425.6,0
8583,8553,425.6,0
8583,8553,425.6,0
8583,8553,425.6,0
8583,8553,425.6,0
8583,8553,425.6,0
8583,8553,425.6,0
8583,8553,425.6,0
8583,8553,425.6,0
8583,8553,425.6,0
8583,8553,425.6,0
8583,8553,425.6,0
8583,8553,425.6,0
8583,8553,425.6,0
8583,8553,425.6,0
8583,8553,425.6,0
8583,8553,425.6,0
8583,8553,425.6,0
8583,8553,425.6,0
8583,8553,425.6,0
8583,8553,425.6,0
8583,8553,425.6,0
8583,8553,425.6,0
8583,8553,425.6,0
8583,8553,425.6,0
8583,8553,425.6,0
8583,8553,425.6,0
8583,8553,425.6,0
8583,8553,425.6,0
8583,8553,425.6,0
8583,8553,425.6,0
8583,8553,425.6,0
8583,8553,425.6,0
8583,8553,425.6,0
8583,8553,425.6,0
8583,8553,425.6,0
8583,8553,425.6,0
8583,8553,425.6,0
8583,8553,425.6,0
8583,8553,425.6,0
8583,8553,425.6,0
8583,8553,425.6,0
8583,8553,425.6,0
8583,8553,425.6,0
8583,8553,425.6,0
8583,8553,425.6,0
8583,8553,425.6,0
8583,8553,425.6,0
8583,8553,425.6,0
8583,8553,425.6,0
8583,8553,425.6,0
8583,8553,425.6,0
8583,8553,425.6,0
8583,8553,425.6,0
8583,8553,425.6,0
8583,8553,425.6,0
8583,8553,425.6,0
8583,8553,425.6,0
8583,8553,425.6,0
8583,8553,425.6,0
8583,8553,425.6,0
8583,8553,425.6,0
8583,8553,425.6,0
8583,8553,425.6,0
8583,8553,425.6,0
8583,8553,425.6,0
8583,8553,425.6,0
8583,8553,425.6,0
8583,8553,425.6,0
8583,8553,425.6,0
8583,8553,425.6,0
8583,8553,425.6,0
8583,8553,425.6,0
8583,8553,425.6,0
8583,8553,425.6,0
8583,8553,425.6,0
8583,8553,425.6,0
8583,8553,425.6,0
8583,8553,425.6,0
8583,8553,425.6,0
8583,8553,425.6,0
8583,8553,425.6,0
8583,8553,425.6,0
8583,8553,425.6,0
8583,8553,425.6,0
8583,8553,425.6,0
8583,8553,425.6,0
8583,8553,425.6,0
8583,8553,425.6,0
8583,8553,425.6,0
8583,8553,425.6,0
8583,8553,425.6,0
8583,8553,425.6,0
8583,8553,425.6,0
8583,8553,425.6,0
8583,8553,425.6,0
8583,8553,425.6,0
8583,8107,3.79,1
8413,8255,593.28,0
8413,8255,593.28,0
8413,8255,593.28,0
8413,8255,593.28,0
8413,8255,593.28,0
8413,8255,593.28,0
8413,8255,593.28,0
8413,8255,593.28,0
8413,8255,593.28,0
8413,8255,593.28,0
8413,8255,593.28,0
8413,8255,593.28,0
8413,8255,593.28,0
8413,8255,593.28,0
8413,8255,593.28,0
8413,8255,593.28,0
8413,8255,593.28,0
8413,8255,593.28,0
8413,8255,593.28,0
8413,8255,593.28,0
8413,8255,593.28,0
8413,8255,593.28,0
8413,8255,593.28,0
8413,8255,593.28,0
8413,8255,593.28,0
8413,8255,593.28,0
8413,8255,593.28,0
8413,8255,593.28,0
8413,8255,593.28,0
8413,8255,593.28,0
8413,8255,593.28,0
8413,8255,593.28,0
8413,8255,593.28,0
8413,8255,593.28,0
8413,8255,593.28,0
8413,8255,593.28,0
8413,8255,593.28,0
8413,8255,593.28,0
8413,8255,593.28,0
8413,8255,593.28,0
8413,8255,593.28,0
8413,8255,593.28,0
8413,8255,593.28,0
8413,8255,593.28,0
8413,8255,593.28,0
8413,8255,593.28,0
8413,8255,593.28,0
8413,8255,593.28,0
8413,8255,593.28,0
8413,8255,593.28,0
8413,8255,593.28,0
8413,8255,593.28,0
8413,8255,593.28,0
8413,8255,593.28,0
8413,8255,593.28,0
8413,8255,593.28,0
8413,8255,593.28,0
8413,8255,593.28,0
8413,8255,593.28,0
8413,8255,593.28,0
8413,8255,593.28,0
8413,8255,593.28,0
8413,8255,593.28,0
8413,8255,593.28,0
8413,8255,593.28,0
8413,8255,593.28,0
8413,8255,593.28,0
8413,8255,593.28,0
8413,8255,593.28,0
8413,8255,593.28,0
8413,8255,593.28,0
8413,8255,593.28,0
8413,8255,593.28,0
8413,8255,593.28,0
8413,8255,593.28,0
8413,8255,593.28,0
8413,8255,593.28,0
8413,8255,593.28,0
8413,8255,593.28,0
8413,8255,593.28,0
8413,8255,593.28,0
8413,8255,593.28,0
8413,8255,593.28,0
8413,8255,593.28,0
8413,8255,593.28,0
8413,8255,593.28,0
8413,8255,593.28,0
8413,8255,593.28,0
8413,8255,593.28,0
8413,8255,593.28,0
8413,8255,593.28,0
8413,8255,593.28,0
8413,8255,593.28,0
8413,8255,593.28,0
8413,8255,593.28,0
8413,8255,593.28,0
8413,8255,593.28,0
8413,8255,593.28,0
8413,8255,593.28,0
8413,8255,593.28,0
8413,8255,593.28,0
8413,8255,593.28,0
8413,8255,593.28,0
8413,8255,593.28,0
8413,8255,593.28,0
8413,8255,593.28,0
8413,8255,593.28,0
8413,8255,593.28,0
8413,8255,593.28,0
8413,8255,593.28,0
8413,8255,593.28,0
8413,8255,593.28,0
8413,8255,593.28,0
8413,8255,593.28,0
8413,8255,593.28,0
8413,8255,593.28,0
8413,8255,593.28,0
8413,8255,593.28,0
8413,8255,593.28,0
8413,8255,593.28,0
8413,8255,593.28,0
8413,8255,593.28,0
8413,8255,593.28,0
8413,8255,593.28,0
8413,8255,593.28,0
8413,8255,593.28,0
8413,8255,593.28,0
8413,8255,593.28,0
8413,8255,593.28,0
8413,8255,593.28,0
8413,8255,593.28,0
8413,8255,593.28,0
8413,8255,593.28,0
8413,8255,593.28,0
8413,8255,593.28,0
8413,8255,593.28,0
8413,8255,593.28,0
8413,8255,593.28,0
8413,8255,593.28,0
8413,8255,593.28,0
8413,8255,593.28,0
8413,8255,593.28,0
8413,8255,593.28,0
8413,8255,593.28,0
8413,8255,593.28,0
8413,8255,593.28,0
8413,8255,593.28,0
8413,8255,593.28,0
8413,8255,593.28,0
8413,8255,593.28,0
8413,8255,593.28,0
8413,8255,593.28,0
8413,8255,593.28,0
8413,8255,593.28,0
8413,8255,593.28,0
8413,8255,593.28,0
8413,8255,593.28,0
8413,8255,593.28,0
8413,8255,593.28,0
8413,8255,593.28,0
8413,8255,593.28,0
8413,8255,593.28,0
8413,8255,593.28,0
8413,8255,593.28,0
8413,8255,593.28,0
8413,8255,593.28,0
8413,8255,593.28,0
8413,8255,593.28,0
8413,8255,593.28,0
8413,8255,593.28,0
8413,8255,593.28,0
8413,8255,593.28,0
8413,8255,593.28,0
8413,8255,593.28,0
8413,8255,593.28,0
8413,8255,593.28,0
8413,8255,593.28,0
8413,8255,593.28,0
8413,8255,593.28,0
8413,8255,593.28,0
7708,5130,112.37,0
7708,5130,112.37,0
7708,5130,112.37,0
7708,5130,112.37,0
7708,5130,112.37,0
7708,5130,112.37,0
7708,5130,112.37,0
7708,5130,112.37,0
7708,5130,112.37,0
7708,5130,112.37,0
7708,5130,112.37,0
7708,5130,112.37,0
7708,5130,112.37,0
7708,5130,112.37,0
7708,5130,112.37,0
7708,5130,112.37,0
7708,5130,112.37,0
7708,5130,112.37,0
7708,5130,112.37,0
7708,5130,112.37,0
7708,7211,112.37,0
7708,7211,112.37,0
7708,7211,112.37,0
7708,7211,112.37,0
7708,7211,112.37,0
7708,7211,112.37,0
7708,7211,112.37,0
7708,7211,112.37,0
7708,7211,112.37,0
7708,7211,112.37,0
7708,7211,112.37,0
7708,7211,112.37,0
7708,7211,112.37,0
7708,7211,112.37,0
7708,7211,112.37,0
7708,7211,112.37,0
7708,7211,112.37,0
7708,7211,112.37,0
7708,7211,112.37,0
7708,7211,112.37,0
7708,9178,112.37,0
7708,9178,112.37,0
7708,9178,112.37,0
7708,9178,112.37,0
7708,9178,112.37,0
7708,9178,112.37,0
7708,9178,112.37,0
7708,9178,112.37,0
7708,9178,112.37,0
7708,9178,112.37,0
7708,9178,112.37,0
7708,9178,112.37,0
7708,9178,112.37,0
7708,9178,112.37,0
7708,9178,112.37,0
7708,9178,112.37,0
7708,9178,112.37,0
7708,9178,112.37,0
7708,9178,112.37,0
7708,9178,112.37,0
7708,4484,112.37,0
7708,4484,112.37,0
7708,4484,112.37,0
7708,4484,112.37,0
7708,4484,112.37,0
7708,4484,112.37,0
7708,4484,112.37,0
7708,4484,112.37,0
7708,4484,112.37,0
7708,4484,112.37,0
7708,4484,112.37,0
7708,4484,112.37,0
7708,4484,112.37,0
7708,4484,112.37,0
7708,4484,112.37,0
7708,4484,112.37,0
7708,4484,112.37,0
7708,4484,112.37,0
7708,4484,112.37,0
7708,4484,112.37,0
7708,8358,112.37,0
7708,8358,112.37,0
7708,8358,112.37,0
7708,8358,112.37,0
7708,8358,112.37,0
7708,8358,112.37,0
7708,8358,112.37,0
7708,8358,112.37,0
7708,8358,112.37,0
7708,8358,112.37,0
7708,8358,112.37,0
7708,8358,112.37,0
7708,8358,112.37,0
7708,8358,112.37,0
7708,8358,112.37,0
7708,8358,112.37,0
7708,8358,112.37,0
7708,8358,112.37,0
7708,8358,112.37,0
7708,8358,112.37,0
7708,5046,112.37,0
7708,5046,112.37,0
7708,5046,112.37,0
7708,5046,112.37,0
7708,5046,112.37,0
7708,5046,112.37,0
7708,5046,112.37,0
7708,5046,112.37,0
7708,5046,112.37,0
7708,5046,112.37,0
7708,5046,112.37,0
7708,5046,112.37,0
7708,5046,112.37,0
7708,5046,112.37,0
7708,5046,112.37,0
7708,5046,112.37,0
7708,5046,112.37,0
7708,5046,112.37,0
7708,5046,112.37,0
7708,5046,112.37,0
7708,8458,112.37,0
7708,8458,112.37,0
7708,8458,112.37,0
7708,8458,112.37,0
7708,8458,112.37,0
7708,8458,112.37,0
7708,8458,112.37,0
7708,8458,112.37,0
7708,8458,112.37,0
7708,8458,112.37,0
7708,8458,112.37,0
7708,8458,112.37,0
7708,8458,112.37,0
7708,8458,112.37,0
7708,8458,112.37,0
7708,8458,112.37,0
7708,8458,112.37,0
7708,8458,112.37,0
7708,8458,112.37,0
7708,8458,112.37,0
7708,147,112.37,0
7708,147,112.37,0
7708,147,112.37,0
7708,147,112.37,0
7708,147,112.37,0
7708,147,112.37,0
7708,147,112.37,0
7708,147,112.37,0
7708,147,112.37,0
7708,147,112.37,0
7708,147,112.37,0
7708,147,112.37,0
7708,147,112.37,0
7708,147,112.37,0
7708,147,112.37,0
7708,147,112.37,0
7708,147,112.37,0
7708,147,112.37,0
7708,147,112.37,0
7708,147,112.37,0
7708,3510,112.37,0
7708,3510,112.37,0
7708,3510,112.37,0
7708,3510,112.37,0
7708,3510,112.37,0
7708,3510,112.37,0
7708,3510,112.37,0
7708,3510,112.37,0
7708,3510,112.37,0
7708,3510,112.37,0
7708,3510,112.37,0
7708,3510,112.37,0
7708,3510,112.37,0
7708,3510,112.37,0
7708,3510,112.37,0
7708,3510,112.37,0
7708,3510,112.37,0
7708,3510,112.37,0
7708,3510,112.37,0
7708,3510,112.37,0
7708,5557,112.37,0
7708,5557,112.37,0
7708,5557,112.37,0
7708,5557,112.37,0
7708,5557,112.37,0
7708,5557,112.37,0
7708,5557,112.37,0
7708,5557,112.37,0
7708,5557,112.37,0
7708,5557,112.37,0
7708,5557,112.37,0
7708,5557,112.37,0
7708,5557,112.37,0
7708,5557,112.37,0
7708,5557,112.37,0
7708,5557,112.37,0
7708,5557,112.37,0
7708,5557,112.37,0
7708,5557,112.37,0
7708,5557,112.37,0
7708,7934,112.37,0
7708,7934,112.37,0
7708,7934,112.37,0
7708,7934,112.37,0
7708,7934,112.37,0
7708,7934,112.37,0
7708,7934,112.37,0
7708,7934,112.37,0
7708,7934,112.37,0
7708,7934,112.37,0
7708,7934,112.37,0
7708,7934,112.37,0
7708,7934,112.37,0
7708,7934,112.37,0
7708,7934,112.37,0
7708,7934,112.37,0
7708,7934,112.37,0
7708,7934,112.37,0
7708,7934,112.37,0
7708,7934,112.37,0
7708,9819,112.37,0
7708,9819,112.37,0
7708,9819,112.37,0
7708,9819,112.37,0
7708,9819,112.37,0
7708,9819,112.37,0
7708,9819,112.37,0
7708,9819,112.37,0
7708,9819,112.37,0
7708,9819,112.37,0
7708,9819,112.37,0
7708,9819,112.37,0
7708,9819,112.37,0
7708,9819,112.37,0
7708,9819,112.37,0
7708,9819,112.37,0
7708,9819,112.37,0
7708,9819,112.37,0
7708,9819,112.37,0
7708,9819,112.37,0
7708,5804,112.37,0
7708,5804,112.37,0
7708,5804,112.37,0
7708,5804,112.37,0
7708,5804,112.37,0
7708,5804,112.37,0
7708,5804,112.37,0
7708,5804,112.37,0
7708,5804,112.37,0
7708,5804,112.37,0
7708,5804,112.37,0
7708,5804,112.37,0
7708,5804,112.37,0
7708,5804,112.37,0
7708,5804,112.37,0
7708,5804,112.37,0
7708,5804,112.37,0
7708,5804,112.37,0
7708,5804,112.37,0
7708,5804,112.37,0
7803,8589,379.08,0
7803,8589,379.08,0
7803,8589,379.08,0
7803,8589,379.08,0
7803,8589,379.08,0
7803,8589,379.08,0
7803,8589,379.08,0
7803,8589,379.08,0
7803,8589,379.08,0
7803,8589,379.08,0
7803,8589,379.08,0
7803,8589,379.08,0
7803,8589,379.08,0
7803,8589,379.08,0
7803,8589,379.08,0
7803,8589,379.08,0
7803,8589,379.08,0
7803,8589,11.27,1
7803,8589,379.08,0
7803,8589,379.08,0
7803,8589,379.08,0
7072,9971,12.94,0
7072,9971,12.94,0
7072,9971,12.94,0
7072,9971,12.94,0
7072,9971,12.94,0
7072,9971,12.94,0
7072,9971,12.94,0
7072,9971,12.94,0
7072,9971,12.94,0
7072,9971,12.94,0
7072,9971,12.94,0
7072,9971,12.94,0
7072,9971,12.94,0
7072,9971,12.94,0
7072,9971,12.94,0
7072,7596,12.94,0
7072,7596,12.94,0
7072,7596,12.94,0
7072,7596,12.94,0
7072,7596,12.94,0
7072,7596,12.94,0
7072,7596,12.94,0
7072,7596,12.94,0
7072,7596,12.94,0
7072,7596,12.94,0
7072,7596,12.94,0
7072,7596,12.94,0
7072,7596,12.94,0
7072,7596,12.94,0
7072,7596,12.94,0
7072,6014,12.94,0
7072,6014,12.94,0
7072,6014,12.94,0
7072,6014,12.94,0
7072,6014,12.94,0
7072,6014,12.94,0
7072,6014,12.94,0
7072,6014,12.94,0
7072,6014,12.94,0
7072,6014,12.94,0
7072,6014,12.94,0
7072,6014,12.94,0
7072,6014,12.94,0
7072,6014,12.94,0
7072,6014,12.94,0
7072,9654,12.94,0
7072,9654,12.94,0
7072,9654,12.94,0
7072,9654,12.94,0
7072,9654,12.94,0
7072,9654,12.94,0
7072,9654,12.94,0
7072,9654,12.94,0
7072,9654,12.94,0
7072,9654,12.94,0
7072,9654,12.94,0
7072,9654,12.94,0
7072,9654,12.94,0
7072,9654,12.94,0
7072,9654,12.94,0
7072,9259,12.94,0
7072,9259,12.94,0
7072,9259,12.94,0
7072,9259,12.94,0
7072,9259,12.94,0
7072,9259,12.94,0
7072,9259,12.94,0
7072,9259,12.94,0
7072,9259,12.94,0
7072,9259,12.94,0
7072,9259,12.94,0
7072,9259,12.94,0
7072,9259,12.94,0
7072,9259,12.94,0
7072,9259,12.94,0
7072,2584,12.94,0
7072,2584,12.94,0
7072,2584,12.94,0
7072,2584,12.94,0
7072,2584,12.94,0
7072,2584,12.94,0
7072,2584,12.94,0
7072,2584,12.94,0
7072,2584,12.94,0
7072,2584,12.94,0
7072,2584,12.94,0
7072,2584,12.94,0
7072,2584,12.94,0
7072,2584,12.94,0
7072,2584,12.94,0
7072,8965,12.94,0
7072,8965,12.94,0
7072,8965,12.94,0
7072,8965,12.94,0
7072,8965,12.94,0
7072,8965,12.94,0
7072,8965,12.94,0
7072,8965,12.94,0
7072,8965,12.94,0
7072,8965,12.94,0
7072,8965,12.94,0
7072,8965,12.94,0
7072,8965,12.94,0
7072,8965,12.94,0
7072,8965,12.94,0
7072,9416,12.94,0
7072,9416,12.94,0
7072,9416,12.94,0
7072,9416,12.94,0
7072,9416,12.94,0
7072,9416,12.94,0
7072,9416,12.94,0
7072,9416,12.94,0
7072,9416,12.94,0
7072,9416,12.94,0
7072,9416,12.94,0
7072,9416,12.94,0
7072,9416,12.94,0
7072,9416,12.94,0
7072,9416,12.94,0
7072,9999,12.94,0
7072,9999,12.94,0
7072,9999,12.94,0
7072,9999,12.94,0
7072,9999,12.94,0
7072,9999,12.94,0
7072,9999,12.94,0
7072,9999,12.94,0
7072,9999,12.94,0
7072,9999,12.94,0
7072,9999,12.94,0
7072,9999,12.94,0
7072,9999,12.94,0
7072,9999,12.94,0
7072,9999,12.94,0
7072,3986,12.94,0
7072,3986,12.94,0
7072,3986,12.94,0
7072,3986,12.94,0
7072,3986,12.94,0
7072,3986,12.94,0
7072,3986,12.94,0
7072,3986,12.94,0
7072,3986,12.94,0
7072,3986,12.94,0
7072,3986,12.94,0
7072,3986,12.94,0
7072,3986,12.94,0
7072,3986,12.94,0
7072,3986,12.94,0
7072,9440,12.94,0
7072,9440,12.94,0
7072,9440,12.94,0
7072,9440,12.94,0
7072,9440,12.94,0
7072,9440,12.94,0
7072,9440,12.94,0
7072,9440,12.94,0
7072,9440,12.94,0
7072,9440,12.94,0
7072,9440,12.94,0
7072,9440,12.94,0
7072,9440,12.94,0
7072,9440,12.94,0
7072,9440,12.94,0
2423,7543,575.46,0
2423,7543,575.46,0
2423,7543,575.46,0
2423,7543,575.46,0
2423,7543,575.46,0
2423,7543,575.46,0
2423,7543,575.46,0
2423,7543,575.46,0
2423,7543,575.46,0
2423,7543,575.46,0
2423,7543,575.46,0
2423,7543,575.46,0
2423,7543,575.46,0
2423,7543,575.46,0
2423,7543,575.46,0
2423,7543,575.46,0
2423,7543,575.46,0
2423,7543,575.46,0
2423,7543,575.46,0
2423,7543,575.46,0
2423,7543,575.46,0
2423,7543,575.46,0
2423,7543,575.46,0
2423,7543,575.46,0
2423,7543,575.46,0
2423,7543,575.46,0
2423,7543,575.46,0
2423,7543,575.46,0
2423,7543,575.46,0
2423,7543,575.46,0
2423,7543,575.46,0
2423,7543,575.46,0
2423,7543,575.46,0
2423,7543,575.46,0
2423,7543,575.46,0
2423,7543,575.46,0
2423,7543,575.46,0
2423,7543,575.46,0
2423,7543,575.46,0
2423,7543,575.46,0
2423,7543,575.46,0
2423,7543,575.46,0
2423,7543,575.46,0
2423,7543,575.46,0
2423,7543,575.46,0
2423,7543,575.46,0
2423,7543,575.46,0
2423,7543,575.46,0
2423,7543,575.46,0
2423,7543,575.46,0
2423,7543,575.46,0
2423,7543,575.46,0
2423,7543,575.46,0
2423,7543,575.46,0
2423,7543,575.46,0
2423,7543,575.46,0
2423,7543,575.46,0
2423,7543,575.46,0
2423,7543,575.46,0
2423,7543,575.46,0
2423,7543,575.46,0
2423,7543,575.46,0
2423,7543,575.46,0
2423,7543,575.46,0
2423,7543,575.46,0
2423,7543,575.46,0
2423,7543,575.46,0
2423,7543,575.46,0
2423,7543,575.46,0
2423,7543,575.46,0
2423,7543,575.46,0
2423,7543,575.46,0
2423,7543,575.46,0
2423,7543,575.46,0
2423,7543,575.46,0
2423,7543,575.46,0
2423,7543,575.46,0
2423,7543,575.46,0
2423,7543,575.46,0
2423,7543,575.46,0
2423,7543,575.46,0
2423,7543,575.46,0
2423,7543,575.46,0
2423,7543,575.46,0
2423,7543,575.46,0
2423,7543,575.46,0
2423,7543,575.46,0
2423,7543,575.46,0
2423,7543,575.46,0
2423,7543,575.46,0
2423,7543,575.46,0
2423,7543,575.46,0
2423,7543,575.46,0
2423,7543,575.46,0
2423,7543,575.46,0
2423,7543,575.46,0
2423,7543,575.46,0
2423,7543,575.46,0
2423,7543,575.46,0
2423,7543,575.46,0
2423,7543,575.46,0
2423,7543,575.46,0
2423,7543,575.46,0
2423,7543,575.46,0
2423,7543,575.46,0
2423,7543,575.46,0
2423,7543,575.46,0
2423,7543,575.46,0
2423,7543,575.46,0
2423,7543,575.46,0
2423,7543,575.46,0
2423,7543,575.46,0
2423,7543,575.46,0
2423,7543,575.46,0
2423,7543,575.46,0
2423,7543,575.46,0
2423,7543,575.46,0
2423,7543,575.46,0
2423,7543,575.46,0
2423,7543,575.46,0
2423,7543,575.46,0
2423,7543,575.46,0
2423,7543,575.46,0
2423,7543,575.46,0
2423,7543,575.46,0
2423,7543,575.46,0
2423,7543,575.46,0
2423,7543,575.46,0
2423,7543,575.46,0
2423,7543,575.46,0
2423,7543,575.46,0
2423,7543,575.46,0
2423,7543,575.46,0
2423,7543,575.46,0
2423,7543,575.46,0
2423,7543,575.46,0
2423,7543,575.46,0
2423,7543,575.46,0
2423,7543,575.46,0
2423,7543,575.46,0
2423,7543,575.46,0
2423,7543,575.46,0
2423,7543,575.46,0
2423,7543,575.46,0
2423,7543,575.46,0
2423,7543,575.46,0
2423,7543,575.46,0
2423,7543,575.46,0
2423,7543,575.46,0
2423,7543,575.46,0
2423,7543,575.46,0
2423,7543,575.46,0
2423,7543,575.46,0
2423,7543,575.46,0
2423,7543,575.46,0
2423,7543,575.46,0
2423,7543,575.46,0
2423,7543,575.46,0
2423,7543,575.46,0
2423,7543,575.46,0
2423,7543,575.46,0
2423,7543,575.46,0
2423,7543,575.46,0
2423,7543,575.46,0
2423,7543,575.46,0
2423,7543,575.46,0
2423,7543,575.46,0
2423,7543,575.46,0
2423,7543,575.46,0
2423,7543,575.46,0
2423,7543,575.46,0
2423,7543,575.46,0
2423,7543,575.46,0
2423,7543,575.46,0
2423,7543,575.46,0
2423,7543,575.46,0
2423,7543,575.46,0
2423,7543,575.46,0
2423,7543,575.46,0
2423,7543,575.46,0
107,7970,44.41,0
107,7970,44.41,0
107,7970,44.41,0
107,7970,44.41,0
107,7970,44.41,0
107,7970,44.41,0
107,7970,44.41,0
107,7970,44.41,0
107,7970,44.41,0
107,7970,44.41,0
107,7970,44.41,0
107,7970,44.41,0
107,7970,44.41,0
107,7970,44.41,0
107,7970,44.41,0
107,7970,44.41,0
107,7970,44.41,0
107,7970,44.41,0
107,7970,44.41,0
107,7970,44.41,0
107,7970,44.41,0
107,7970,44.41,0
107,7970,44.41,0
107,7970,44.41,0
107,9171,44.41,0
107,9171,44.41,0
107,9171,44.41,0
107,9171,44.41,0
107,9171,44.41,0
107,9171,44.41,0
107,9171,44.41,0
107,9171,44.41,0
107,9171,44.41,0
107,9171,44.41,0
107,9171,44.41,0
107,9171,44.41,0
107,9171,44.41,0
107,9171,44.41,0
107,9171,44.41,0
107,9171,44.41,0
107,9171,44.41,0
107,9171,44.41,0
107,9171,44.41,0
107,9171,44.41,0
107,9171,44.41,0
107,9171,44.41,0
107,9171,44.41,0
107,9171,44.41,0
107,9392,44.41,0
107,9392,44.41,0
107,9392,44.41,0
107,9392,44.41,0
107,9392,44.41,0
107,9392,44.41,0
107,9392,44.41,0
107,9392,44.41,0
107,9392,44.41,0
107,9392,44.41,0
107,9392,44.41,0
107,9392,44.41,0
107,9392,44.41,0
107,9392,44.41,0
107,9392,44.41,0
107,9392,44.41,0
107,9392,44.41,0
107,9392,44.41,0
107,9392,44.41,0
107,9392,44.41,0
107,9392,44.41,0
107,9392,44.41,0
107,9392,44.41,0
107,9392,44.41,0
5408,2238,468.41,0
5408,2238,468.41,0
5408,2238,468.41,0
5408,2238,468.41,0
5408,2238,468.41,0
5408,2238,468.41,0
5408,2238,468.41,0
5408,2238,468.41,0
5408,2238,468.41,0
5408,2238,468.41,0
5408,2238,468.41,0
5408,2238,468.41,0
5408,2238,468.41,0
5408,2238,468.41,0
5408,2238,468.41,0
5408,2238,468.41,0
5408,2238,468.41,0
5408,2238,468.41,0
5408,2238,468.41,0
5408,2238,468.41,0
5408,2238,468.41,0
5408,2238,468.41,0
5408,2238,468.41,0
5408,2238,468.41,0
5408,2238,468.41,0
5408,2238,468.41,0
5408,2238,468.41,0
5408,2238,468.41,0
5408,2238,468.41,0
5408,2238,468.41,0
5408,2238,468.41,0
5408,2238,468.41,0
5408,2238,468.41,0
5408,2238,468.41,0
5408,2238,468.41,0
5408,2238,468.41,0
5408,2238,468.41,0
5408,2238,468.41,0
5408,2238,468.41,0
5408,2238,468.41,0
5408,2238,468.41,0
5408,2238,468.41,0
5408,2238,468.41,0
5408,2238,468.41,0
5408,2238,468.41,0
5408,2238,468.41,0
5408,2238,468.41,0
5408,2238,468.41,0
5408,2238,468.41,0
5408,2238,468.41,0
5408,2238,468.41,0
5408,2238,468.41,0
5408,2238,468.41,0
5408,2238,468.41,0
5408,2238,468.41,0
5408,2238,468.41,0
5408,2238,468.41,0
5408,2238,468.41,0
5408,2238,468.41,0
5408,2238,468.41,0
5408,2238,468.41,0
5408,2238,468.41,0
5408,2238,468.41,0
5408,2238,468.41,0
5408,2238,468.41,0
5408,2238,468.41,0
5408,2238,468.41,0
5408,2238,468.41,0
5408,2238,468.41,0
5408,2238,468.41,0
5408,2238,468.41,0
5408,2238,468.41,0
5408,2238,468.41,0
5408,2238,468.41,0
5408,2238,468.41,0
5408,2238,468.41,0
5408,2238,468.41,0
5408,2238,468.41,0
5408,2238,468.41,0
5408,2238,468.41,0
5408,2238,468.41,0
5408,2238,468.41,0
5408,2238,468.41,0
5408,2238,468.41,0
5408,2238,468.41,0
5408,2238,468.41,0
5408,2238,468.41,0
5408,2238,468.41,0
5408,2238,468.41,0
5408,2238,468.41,0
5408,2238,468.41,0
5408,2238,468.41,0
5408,2238,468.41,0
5408,2238,468.41,0
5408,2238,468.41,0
5408,2238,468.41,0
5408,2238,468.41,0
5408,2238,468.41,0
5408,2238,468.41,0
5408,2238,468.41,0
5408,2238,468.41,0
5408,2238,468.41,0
5408,2238,468.41,0
5408,2238,468.41,0
5408,2238,468.41,0
5408,2238,468.41,0
5408,2238,468.41,0
5408,2238,468.41,0
5408,2238,468.41,0
5408,2238,468.41,0
5408,2238,468.41,0
5408,2238,468.41,0
5408,2238,468.41,0
5408,2238,468.41,0
5408,2238,468.41,0
5408,2238,468.41,0
5408,2238,468.41,0
5408,2238,468.41,0
5408,2238,468.41,0
5408,2238,468.41,0
5408,2238,468.41,0
5408,2238,468.41,0
5408,2238,468.41,0
5408,2238,468.41,0
5408,2238,468.41,0
5408,2238,468.41,0
5408,2238,468.41,0
5408,2238,468.41,0
5408,2238,468.41,0
5408,2238,468.41,0
5408,2238,468.41,0
5408,2238,468.41,0
5408,2238,468.41,0
5408,2238,468.41,0
5408,2238,468.41,0
5408,2238,468.41,0
5408,2238,468.41,0
5408,2238,468.41,0
5408,2238,468.41,0
5408,2238,468.41,0
5408,2238,468.41,0
5408,2238,468.41,0
5408,2238,468.41,0
5408,2238,468.41,0
5408,2238,468.41,0
5408,2238,468.41,0
5408,2238,468.41,0
5408,2238,468.41,0
5408,2238,468.41,0
5408,2238,468.41,0
5408,2238,468.41,0
5408,2238,468.41,0
5408,2238,468.41,0
5408,2238,468.41,0
5408,2238,468.41,0
5408,2238,468.41,0
5408,2238,468.41,0
5408,2238,468.41,0
5408,2238,468.41,0
5408,2238,468.41,0
5408,2238,468.41,0
5408,2238,468.41,0
5408,2238,468.41,0
5408,2238,468.41,0
5408,2238,468.41,0
5408,2238,468.41,0
5408,2238,468.41,0
5408,2238,468.41,0
5408,2238,468.41,0
5408,2238,468.41,0
5408,2238,468.41,0
5408,2238,468.41,0
5408,2238,468.41,0
5408,2238,468.41,0
5408,2238,468.41,0
5408,2238,468.41,0
5408,2238,468.41,0
5408,2238,468.41,0
5408,2238,468.41,0
5408,2238,468.41,0
6976,9739,4.85,1
6976,9921,376.85,0
6976,9921,376.85,0
6976,9921,376.85,0
6976,9921,376.85,0
6976,9921,376.85,0
6976,9921,376.85,0
6976,9921,376.85,0
6976,9921,376.85,0
6976,9921,376.85,0
6976,9921,376.85,0
6976,9921,376.85,0
6976,9921,376.85,0
6976,9921,376.85,0
6976,9921,376.85,0
6976,9921,376.85,0
6976,9921,376.85,0
6976,9921,376.85,0
6976,9921,376.85,0
6976,9921,376.85,0
6976,9921,376.85,0
6976,9921,376.85,0
6976,9921,376.85,0
6976,9921,376.85,0
6976,9921,376.85,0
6976,9921,376.85,0
6976,9921,376.85,0
6976,9921,376.85,0
6976,8017,16.04,1
2523,447,574.52,0
2523,447,574.52,0
2523,447,574.52,0
2523,447,574.52,0
2523,447,574.52,0
2523,447,574.52,0
2523,447,574.52,0
2523,447,574.52,0
2523,447,574.52,0
2523,447,574.52,0
2523,447,574.52,0
2523,447,574.52,0
2523,447,574.52,0
2523,447,574.52,0
2523,447,574.52,0
2523,447,574.52,0
2523,447,574.52,0
2523,447,574.52,0
2523,447,574.52,0
2523,447,574.52,0
2523,447,574.52,0
2523,447,574.52,0
2523,447,574.52,0
2523,447,574.52,0
2523,447,574.52,0
2523,447,574.52,0
2523,447,574.52,0
2523,447,574.52,0
2523,447,574.52,0
2523,447,574.52,0
2523,447,574.52,0
2523,447,574.52,0
2523,447,574.52,0
2523,447,574.52,0
2523,447,574.52,0
2523,447,574.52,0
2523,447,574.52,0
2523,447,574.52,0
2523,447,574.52,0
2523,447,574.52,0
2523,447,574.52,0
2523,447,574.52,0
2523,447,574.52,0
2523,447,574.52,0
2523,447,574.52,0
2523,447,574.52,0
2523,447,574.52,0
2523,447,574.52,0
2523,447,574.52,0
2523,447,574.52,0
2523,447,574.52,0
2523,447,574.52,0
2523,447,574.52,0
2523,447,574.52,0
2523,447,574.52,0
2523,447,574.52,0
2523,447,574.52,0
2523,447,574.52,0
2523,447,574.52,0
2523,447,574.52,0
2523,447,574.52,0
2523,447,574.52,0
2523,447,574.52,0
2523,447,574.52,0
2523,447,574.52,0
2523,447,574.52,0
2523,447,574.52,0
2523,447,574.52,0
2523,447,574.52,0
2523,447,574.52,0
2523,447,574.52,0
2523,447,574.52,0
2523,447,574.52,0
2523,447,574.52,0
2523,447,574.52,0
2523,447,574.52,0
2523,447,574.52,0
2523,447,574.52,0
2523,447,574.52,0
2523,447,574.52,0
2523,447,574.52,0
2523,447,574.52,0
2523,447,574.52,0
2523,447,574.52,0
2523,447,574.52,0
2523,447,574.52,0
2523,447,574.52,0
2523,447,574.52,0
2523,447,574.52,0
2523,447,574.52,0
2523,447,574.52,0
2523,447,574.52,0
2523,447,574.52,0
2523,447,574.52,0
2523,447,574.52,0
2523,447,574.52,0
2523,447,574.52,0
2523,447,574.52,0
2523,447,574.52,0
2523,447,574.52,0
2523,447,574.52,0
2523,447,574.52,0
2523,447,574.52,0
2523,447,574.52,0
2523,447,574.52,0
2523,447,574.52,0
2523,447,574.52,0
2523,447,574.52,0
2523,447,574.52,0
2523,447,574.52,0
2523,447,574.52,0
2523,447,574.52,0
2523,447,574.52,0
2523,447,574.52,0
2523,447,574.52,0
2523,447,574.52,0
2523,447,574.52,0
2523,447,574.52,0
2523,447,574.52,0
2523,447,574.52,0
2523,447,574.52,0
2523,447,574.52,0
2523,447,574.52,0
2523,447,574.52,0
2523,447,574.52,0
2523,447,574.52,0
2523,447,574.52,0
2523,447,574.52,0
2523,447,574.52,0
2523,447,574.52,0
2523,447,574.52,0
2523,447,574.52,0
2523,447,574.52,0
2523,447,574.52,0
2523,447,574.52,0
2523,447,574.52,0
2523,447,574.52,0
2523,447,574.52,0
2523,447,574.52,0
2523,447,574.52,0
2523,447,574.52,0
2523,447,574.52,0
2523,447,574.52,0
2523,447,574.52,0
2523,447,574.52,0
2523,447,574.52,0
2523,447,574.52,0
2523,447,574.52,0
2523,447,574.52,0
2523,447,574.52,0
2523,447,574.52,0
2523,447,574.52,0
2523,447,574.52,0
2523,447,574.52,0
2523,447,574.52,0
2523,447,574.52,0
2523,447,574.52,0
2523,447,574.52,0
2523,447,574.52,0
2523,447,574.52,0
2523,447,574.52,0
2523,447,574.52,0
2523,447,574.52,0
2523,447,574.52,0
2523,447,574.52,0
2523,447,574.52,0
2523,447,574.52,0
2523,447,574.52,0
2523,447,574.52,0
2523,447,574.52,0
2523,447,574.52,0
2523,447,574.52,0
2523,447,574.52,0
2523,447,574.52,0
2523,447,574.52,0
2523,447,574.52,0
2523,447,574.52,0
2523,447,574.52,0
2523,447,574.52,0
2523,447,574.52,0
4537,275,482.55,0
4537,275,482.55,0
4537,275,482.55,0
4537,275,482.55,0
4537,275,482.55,0
4537,275,482.55,0
4537,275,482.55,0
4537,275,482.55,0
4537,275,482.55,0
4537,275,482.55,0
4537,275,482.55,0
4537,275,482.55,0
4537,275,482.55,0
4537,275,482.55,0
4537,275,482.55,0
4537,275,482.55,0
4537,275,482.55,0
4537,275,482.55,0
4537,275,482.55,0
4537,275,482.55,0
4537,275,482.55,0
4537,275,482.55,0
4537,275,482.55,0
4537,275,482.55,0
4537,275,482.55,0
4537,275,482.55,0
4537,275,482.55,0
4537,275,482.55,0
4537,275,482.55,0
4537,275,482.55,0
4537,275,482.55,0
4537,275,482.55,0
4537,275,482.55,0
4537,275,482.55,0
4537,275,482.55,0
4537,275,482.55,0
4537,275,482.55,0
4537,275,482.55,0
4537,275,482.55,0
4537,275,482.55,0
4537,275,482.55,0
4537,275,482.55,0
4537,275,482.55,0
4537,275,482.55,0
4537,275,482.55,0
4537,275,482.55,0
4537,275,482.55,0
4537,275,482.55,0
4537,275,482.55,0
4537,275,482.55,0
4537,275,482.55,0
4537,275,482.55,0
4537,275,482.55,0
4537,275,482.55,0
4537,275,482.55,0
4537,275,482.55,0
4537,275,482.55,0
4537,275,482.55,0
4537,275,482.55,0
4537,275,482.55,0
4537,275,482.55,0
4537,275,482.55,0
4537,275,482.55,0
4537,275,482.55,0
4537,275,482.55,0
4537,275,482.55,0
4537,275,482.55,0
4537,275,482.55,0
4537,275,482.55,0
4537,275,482.55,0
4537,275,482.55,0
4537,275,482.55,0
4537,275,482.55,0
4537,275,482.55,0
4537,275,482.55,0
4537,275,482.55,0
4537,275,482.55,0
4537,275,482.55,0
4537,275,482.55,0
4537,275,482.55,0
4537,275,482.55,0
4537,275,482.55,0
4537,275,482.55,0
4537,275,482.55,0
4537,275,482.55,0
4537,275,482.55,0
4537,275,482.55,0
4537,275,482.55,0
4537,275,482.55,0
4537,275,482.55,0
4537,275,482.55,0
4537,275,482.55,0
4537,275,482.55,0
4537,275,482.55,0
4537,275,482.55,0
4537,275,482.55,0
4537,275,482.55,0
4537,275,482.55,0
4537,275,482.55,0
4537,275,482.55,0
4537,275,482.55,0
4537,275,482.55,0
4537,275,482.55,0
4537,275,482.55,0
4537,275,482.55,0
4537,275,482.55,0
4537,275,482.55,0
4537,275,482.55,0
4537,275,482.55,0
4537,275,482.55,0
4537,275,482.55,0
4537,275,482.55,0
4537,275,482.55,0
4537,275,482.55,0
4537,275,482.55,0
4537,275,482.55,0
4537,275,482.55,0
4537,275,482.55,0
4537,275,482.55,0
4537,275,482.55,0
4537,275,482.55,0
4537,275,482.55,0
4537,275,482.55,0
4537,275,482.55,0
4537,275,482.55,0
4537,275,482.55,0
4537,275,482.55,0
4537,275,482.55,0
4537,275,482.55,0
4537,275,482.55,0
4537,275,482.55,0
4537,275,482.55,0
4537,275,482.55,0
4537,275,482.55,0
4537,275,482.55,0
4537,275,482.55,0
4537,275,482.55,0
4537,275,482.55,0
4537,275,482.55,0
4537,275,482.55,0
4537,275,482.55,0
4537,275,482.55,0
4537,275,482.55,0
4537,275,482.55,0
4537,275,482.55,0
4537,275,482.55,0
4537,275,482.55,0
4537,275,482.55,0
4537,275,482.55,0
4537,275,482.55,0
4537,275,482.55,0
4537,275,482.55,0
4537,275,482.55,0
4537,275,482.55,0
4537,275,482.55,0
4537,275,482.55,0
4537,275,482.55,0
4537,275,482.55,0
4537,275,482.55,0
4537,275,482.55,0
4537,275,482.55,0
4537,275,482.55,0
4537,275,482.55,0
4537,275,482.55,0
4537,275,482.55,0
4537,275,482.55,0
4537,275,482.55,0
4537,275,482.55,0
4537,275,482.55,0
4537,275,482.55,0
4537,275,482.55,0
4537,275,482.55,0
4537,275,482.55,0
4537,275,482.55,0
4537,275,482.55,0
4537,275,482.55,0
4537,275,482.55,0
4537,275,482.55,0
4537,275,482.55,0
4537,275,482.55,0
9421,6252,479.82,0
9421,6252,479.82,0
9421,6252,479.82,0
9421,6252,479.82,0
9421,6252,479.82,0
9421,6252,479.82,0
9421,6252,479.82,0
9421,6252,479.82,0
9421,6252,479.82,0
9421,6252,479.82,0
9421,6252,479.82,0
9421,6252,479.82,0
9421,6252,479.82,0
9421,6252,479.82,0
9421,6252,479.82,0
9421,6252,479.82,0
9421,6252,479.82,0
9421,6252,479.82,0
9421,6252,479.82,0
9421,6252,479.82,0
9421,6252,479.82,0
9421,6252,479.82,0
9421,6252,479.82,0
9421,6252,479.82,0
9421,6252,479.82,0
9421,6252,479.82,0
9421,6252,479.82,0
9421,6252,479.82,0
9421,6252,479.82,0
9421,6252,479.82,0
9421,6252,479.82,0
9421,6252,479.82,0
9421,6252,479.82,0
9421,6252,479.82,0
9421,6252,479.82,0
9421,6252,479.82,0
9421,6252,479.82,0
9421,6252,479.82,0
9421,6252,479.82,0
9421,6252,479.82,0
9421,6252,479.82,0
9421,6252,479.82,0
9421,6252,479.82,0
9421,6252,479.82,0
9421,6252,479.82,0
9421,6252,479.82,0
9421,6252,479.82,0
9421,6252,479.82,0
9421,6252,479.82,0
9421,6252,479.82,0
9421,6252,479.82,0
9421,6252,479.82,0
9421,6252,479.82,0
9421,6252,479.82,0
9421,6252,479.82,0
9421,6252,479.82,0
9421,6252,479.82,0
9421,6252,479.82,0
9421,6252,479.82,0
9421,6252,479.82,0
9421,6252,479.82,0
9421,6252,479.82,0
9421,6252,479.82,0
9421,6252,479.82,0
9421,6252,479.82,0
9421,6252,479.82,0
9421,6252,479.82,0
9421,6252,479.82,0
9421,6252,479.82,0
9421,6252,479.82,0
9421,6252,479.82,0
9421,6252,479.82,0
9421,6252,479.82,0
9421,6252,479.82,0
9421,6252,479.82,0
9421,6252,479.82,0
9421,6252,479.82,0
9421,6252,479.82,0
9421,6252,479.82,0
9421,6252,479.82,0
9421,6252,479.82,0
9421,6252,479.82,0
9421,6252,479.82,0
9421,6252,479.82,0
9421,6252,479.82,0
9421,6252,479.82,0
9421,6252,479.82,0
9421,6252,479.82,0
9421,6252,479.82,0
9421,6252,479.82,0
9421,6252,479.82,0
9421,6252,479.82,0
9421,6252,479.82,0
9421,6252,479.82,0
9421,6252,479.82,0
9421,6252,479.82,0
9421,6252,479.82,0
9421,6252,479.82,0
9421,6252,479.82,0
9421,6252,479.82,0
9421,6252,479.82,0
9421,6252,479.82,0
9421,6252,479.82,0
9421,6252,479.82,0
9421,6252,479.82,0
9421,6252,479.82,0
9421,6252,479.82,0
9421,6252,479.82,0
9421,6252,479.82,0
9421,6252,479.82,0
9421,6252,479.82,0
9421,6252,479.82,0
9421,6252,479.82,0
9421,6252,479.82,0
9421,6252,479.82,0
9421,6252,479.82,0
9421,6252,479.82,0
9421,6252,479.82,0
9421,6252,479.82,0
9421,6252,479.82,0
9421,6252,479.82,0
9421,6252,479.82,0
9421,6252,479.82,0
9421,6252,479.82,0
9421,6252,479.82,0
9421,6252,479.82,0
9421,6252,479.82,0
9421,6252,479.82,0
9421,6252,479.82,0
9421,6252,479.82,0
9421,6252,479.82,0
9421,6252,479.82,0
9421,6252,479.82,0
9421,6252,479.82,0
9421,6252,479.82,0
9421,6252,479.82,0
9421,6252,479.82,0
9421,6252,479.82,0
9421,6252,479.82,0
9421,6252,479.82,0
9421,6252,479.82,0
9421,6252,479.82,0
9421,6252,479.82,0
9421,6252,479.82,0
9421,6252,479.82,0
9421,6252,479.82,0
9421,6252,479.82,0
9421,6252,479.82,0
9421,6252,479.82,0
9421,6252,479.82,0
9421,6252,479.82,0
9421,6252,479.82,0
9421,6252,479.82,0
9421,6252,479.82,0
9421,6252,479.82,0
9421,6252,479.82,0
9421,6252,479.82,0
9421,6252,479.82,0
9421,6252,479.82,0
9421,6252,479.82,0
9421,6252,479.82,0
9421,6252,479.82,0
9421,6252,479.82,0
9421,6252,479.82,0
9421,6252,479.82,0
9421,6252,479.82,0
9421,6252,479.82,0
9421,6252,479.82,0
9421,6252,479.82,0
9421,6252,479.82,0
9421,6252,479.82,0
9421,6252,479.82,0
9421,6252,479.82,0
9421,6252,479.82,0
9421,6252,479.82,0
9421,6252,479.82,0
9421,6252,479.82,0
9421,6252,479.82,0
9421,6252,479.82,0
9421,6252,479.82,0
7503,7197,530.95,0
7503,7197,530.95,0
7503,7197,530.95,0
7503,7197,530.95,0
7503,7197,530.95,0
7503,7197,530.95,0
7503,7197,530.95,0
7503,7197,530.95,0
7503,7197,530.95,0
7503,7197,530.95,0
7503,7197,530.95,0
7503,7197,530.95,0
7503,7197,530.95,0
7503,7197,530.95,0
7503,7197,530.95,0
7503,7197,530.95,0
7503,7197,530.95,0
7503,7197,530.95,0
7503,7197,530.95,0
7503,7197,530.95,0
7503,7197,530.95,0
7503,7197,530.95,0
7503,7197,530.95,0
7503,7197,530.95,0
7503,7197,530.95,0
7503,7197,530.95,0
7503,7197,530.95,0
7503,7197,530.95,0
7503,7197,530.95,0
7503,7197,530.95,0
7503,7197,530.95,0
7503,7197,530.95,0
7503,7197,530.95,0
7503,7197,530.95,0
7503,7197,530.95,0
7503,7197,530.95,0
7503,7197,530.95,0
7503,7197,530.95,0
7503,7197,530.95,0
7503,7197,530.95,0
7503,7197,530.95,0
7503,7197,530.95,0
7503,7197,530.95,0
7503,7197,530.95,0
7503,7197,530.95,0
7503,7197,530.95,0
7503,7197,530.95,0
7503,7197,530.95,0
7503,7197,530.95,0
7503,7197,530.95,0
7503,7197,530.95,0
7503,7197,530.95,0
7503,7197,530.95,0
7503,7197,530.95,0
7503,7197,530.95,0
7503,7197,530.95,0
7503,7197,530.95,0
7503,7197,530.95,0
7503,7197,530.95,0
7503,7197,530.95,0
7503,7197,530.95,0
7503,7197,530.95,0
7503,7197,530.95,0
7503,7197,530.95,0
7503,7197,530.95,0
7503,7197,530.95,0
7503,7197,530.95,0
7503,7197,530.95,0
7503,7197,530.95,0
7503,7197,530.95,0
7503,7197,530.95,0
7503,7197,530.95,0
7503,7197,530.95,0
7503,7197,530.95,0
7503,7197,530.95,0
7503,7197,530.95,0
7503,7197,530.95,0
7503,7197,530.95,0
7503,7197,530.95,0
7503,7197,530.95,0
7503,7197,530.95,0
7503,7197,530.95,0
7503,7197,530.95,0
7503,7197,530.95,0
7503,7197,530.95,0
7503,7197,530.95,0
7503,7197,530.95,0
7503,7197,530.95,0
7503,7197,530.95,0
7503,7197,530.95,0
7503,7197,530.95,0
7503,7197,530.95,0
7503,7197,530.95,0
7503,7197,530.95,0
7503,7197,530.95,0
7503,7197,530.95,0
7503,7197,530.95,0
7503,7197,530.95,0
7503,7197,530.95,0
7503,7197,530.95,0
7503,7197,530.95,0
7503,7197,530.95,0
7503,7197,530.95,0
7503,7197,530.95,0
7503,7197,530.95,0
7503,7197,530.95,0
7503,7197,530.95,0
7503,7197,530.95,0
7503,7197,530.95,0
7503,7197,530.95,0
7503,7197,530.95,0
7503,7197,530.95,0
7503,7197,530.95,0
7503,7197,530.95,0
7503,7197,530.95,0
7503,7197,530.95,0
7503,7197,530.95,0
7503,7197,530.95,0
7503,7197,530.95,0
7503,7197,530.95,0
7503,7197,530.95,0
7503,7197,530.95,0
7503,7197,530.95,0
7503,7197,530.95,0
7503,7197,530.95,0
7503,7197,530.95,0
7503,7197,530.95,0
7503,7197,530.95,0
7503,7197,530.95,0
7503,7197,530.95,0
7503,7197,530.95,0
7503,7197,530.95,0
7503,7197,530.95,0
7503,7197,530.95,0
7503,7197,530.95,0
7503,7197,530.95,0
7503,7197,530.95,0
7503,7197,530.95,0
7503,7197,530.95,0
7503,7197,530.95,0
7503,7197,530.95,0
7503,7197,530.95,0
7503,7197,530.95,0
7503,7197,530.95,0
7503,7197,530.95,0
7503,7197,530.95,0
7503,7197,530.95,0
7503,7197,530.95,0
7503,7197,530.95,0
7503,7197,530.95,0
7503,7197,530.95,0
7503,7197,530.95,0
7503,7197,530.95,0
7503,7197,530.95,0
7503,7197,530.95,0
7503,7197,530.95,0
7503,7197,530.95,0
7503,7197,530.95,0
7503,7197,530.95,0
7503,7197,530.95,0
7503,7197,530.95,0
7503,7197,530.95,0
7503,7197,530.95,0
7503,7197,530.95,0
7503,7197,530.95,0
7503,7197,530.95,0
7503,7197,530.95,0
7503,7197,530.95,0
7503,7197,530.95,0
7503,7197,530.95,0
7503,7197,530.95,0
7503,7197,530.95,0
7503,7197,530.95,0
7503,7197,530.95,0
7503,7197,530.95,0
7503,7197,530.95,0
7503,7197,530.95,0
7503,7197,530.95,0
7503,7197,530.95,0
7503,7197,530.95,0
572,4859,479.76,0
572,4859,479.76,0
572,4859,479.76,0
572,4859,479.76,0
572,4859,479.76,0
572,4859,479.76,0
572,4859,479.76,0
572,4859,479.76,0
572,4859,479.76,0
572,4859,479.76,0
572,4859,479.76,0
572,4859,479.76,0
572,4859,479.76,0
572,4859,479.76,0
572,4859,479.76,0
572,4859,479.76,0
572,4859,479.76,0
572,4859,479.76,0
572,4859,479.76,0
572,4859,479.76,0
572,4859,479.76,0
572,4859,479.76,0
572,4859,479.76,0
572,4859,479.76,0
572,4859,479.76,0
572,4859,479.76,0
572,4859,479.76,0
572,4859,479.76,0
572,4859,479.76,0
572,4859,479.76,0
572,4859,479.76,0
572,4859,479.76,0
572,4859,479.76,0
572,4859,479.76,0
572,4859,479.76,0
572,4859,479.76,0
572,4859,479.76,0
572,4859,479.76,0
572,4859,479.76,0
572,4859,479.76,0
572,4859,479.76,0
572,4859,479.76,0
572,4859,479.76,0
572,4859,479.76,0
572,4859,479.76,0
572,4859,479.76,0
572,4859,479.76,0
572,4859,479.76,0
572,4859,479.76,0
572,4859,479.76,0
572,4859,479.76,0
572,4859,479.76,0
572,4859,479.76,0
572,4859,479.76,0
572,4859,479.76,0
572,4859,479.76,0
572,4859,479.76,0
572,4859,479.76,0
572,4859,479.76,0
572,4859,479.76,0
572,4859,479.76,0
572,4859,479.76,0
572,4859,479.76,0
572,4859,479.76,0
572,4859,479.76,0
572,4859,479.76,0
572,4859,479.76,0
572,4859,479.76,0
572,4859,479.76,0
572,4859,479.76,0
572,4859,479.76,0
572,4859,479.76,0
572,4859,479.76,0
572,4859,479.76,0
572,4859,479.76,0
572,4859,479.76,0
572,4859,479.76,0
572,4859,479.76,0
572,4859,479.76,0
572,4859,479.76,0
572,4859,479.76,0
572,4859,479.76,0
572,4859,479.76,0
572,4859,479.76,0
572,4859,479.76,0
572,4859,479.76,0
572,4859,479.76,0
572,4859,479.76,0
572,4859,479.76,0
572,4859,479.76,0
572,4859,479.76,0
572,4859,479.76,0
572,4859,479.76,0
572,4859,479.76,0
572,4859,479.76,0
572,4859,479.76,0
572,4859,479.76,0
572,4859,479.76,0
572,4859,479.76,0
572,4859,479.76,0
572,4859,479.76,0
572,4859,479.76,0
572,4859,479.76,0
572,4859,479.76,0
572,4859,479.76,0
572,4859,479.76,0
572,4859,479.76,0
572,4859,479.76,0
572,4859,479.76,0
572,4859,479.76,0
572,4859,479.76,0
572,4859,479.76,0
572,4859,479.76,0
572,4859,479.76,0
572,4859,479.76,0
572,4859,479.76,0
572,4859,479.76,0
572,4859,479.76,0
572,4859,479.76,0
572,4859,479.76,0
572,4859,479.76,0
572,4859,479.76,0
572,4859,479.76,0
572,4859,479.76,0
572,4859,479.76,0
572,4859,479.76,0
572,4859,479.76,0
572,4859,479.76,0
572,4859,479.76,0
572,4859,479.76,0
572,4859,479.76,0
572,4859,479.76,0
572,4859,479.76,0
572,4859,479.76,0
572,4859,479.76,0
572,4859,479.76,0
572,4859,479.76,0
572,4859,479.76,0
572,4859,479.76,0
572,4859,479.76,0
572,4859,479.76,0
572,4859,479.76,0
572,4859,479.76,0
572,4859,479.76,0
572,4859,479.76,0
572,4859,479.76,0
572,4859,479.76,0
572,4859,479.76,0
572,4859,479.76,0
572,4859,479.76,0
572,4859,479.76,0
572,4859,479.76,0
572,4859,479.76,0
572,4859,479.76,0
572,4859,479.76,0
572,4859,479.76,0
572,4859,479.76,0
572,4859,479.76,0
572,4859,479.76,0
572,4859,479.76,0
572,4859,479.76,0
572,4859,479.76,0
572,4859,479.76,0
572,4859,479.76,0
572,4859,479.76,0
572,4859,479.76,0
572,4859,479.76,0
572,4859,479.76,0
572,4859,479.76,0
572,4859,479.76,0
572,4859,479.76,0
572,4859,479.76,0
572,4859,479.76,0
572,4859,479.76,0
572,4859,479.76,0
572,4859,479.76,0
572,4859,479.76,0
572,4859,479.76,0
572,4859,479.76,0
572,4859,479.76,0
2546,8650,528.65,0
2546,8650,528.65,0
2546,8650,528.65,0
2546,8650,528.65,0
2546,8650,528.65,0
2546,8650,528.65,0
2546,8650,528.65,0
2546,8650,528.65,0
2546,8650,528.65,0
2546,8650,528.65,0
2546,8650,528.65,0
2546,8650,528.65,0
2546,8650,528.65,0
2546,8650,528.65,0
2546,8650,528.65,0
2546,8650,528.65,0
2546,8650,528.65,0
2546,8650,528.65,0
2546,8650,528.65,0
2546,8650,528.65,0
2546,8650,528.65,0
2546,8650,528.65,0
2546,8650,528.65,0
2546,8650,528.65,0
2546,8650,528.65,0
2546,8650,528.65,0
2546,8650,528.65,0
2546,8650,528.65,0
2546,8650,528.65,0
2546,8650,528.65,0
2546,8650,528.65,0
2546,8650,528.65,0
2546,8650,528.65,0
2546,8650,528.65,0
2546,8650,528.65,0
2546,8650,528.65,0
2546,8650,528.65,0
2546,8650,528.65,0
2546,8650,528.65,0
2546,8650,528.65,0
2546,8650,528.65,0
2546,8650,528.65,0
2546,8650,528.65,0
2546,8650,528.65,0
2546,8650,528.65,0
2546,8650,528.65,0
2546,8650,528.65,0
2546,8650,528.65,0
2546,8650,528.65,0
2546,8650,528.65,0
2546,8650,528.65,0
2546,8650,528.65,0
2546,8650,528.65,0
2546,8650,528.65,0
2546,8650,528.65,0
2546,8650,528.65,0
2546,8650,528.65,0
2546,8650,528.65,0
2546,8650,528.65,0
2546,8650,528.65,0
2546,8650,528.65,0
2546,8650,528.65,0
2546,8650,528.65,0
2546,8650,528.65,0
2546,8650,528.65,0
2546,8650,528.65,0
2546,8650,528.65,0
2546,8650,528.65,0
2546,8650,528.65,0
2546,8650,528.65,0
2546,8650,528.65,0
2546,8650,528.65,0
2546,8650,528.65,0
2546,8650,528.65,0
2546,8650,528.65,0
2546,8650,528.65,0
2546,8650,528.65,0
2546,8650,528.65,0
2546,8650,528.65,0
2546,8650,528.65,0
2546,8650,528.65,0
2546,8650,528.65,0
2546,8650,528.65,0
2546,8650,528.65,0
2546,8650,528.65,0
2546,8650,528.65,0
2546,8650,528.65,0
2546,8650,528.65,0
2546,8650,528.65,0
2546,8650,528.65,0
2546,8650,528.65,0
2546,8650,528.65,0
2546,8650,528.65,0
2546,8650,528.65,0
2546,8650,528.65,0
2546,8650,528.65,0
2546,8650,528.65,0
2546,8650,528.65,0
2546,8650,528.65,0
2546,8650,528.65,0
2546,8650,528.65,0
2546,8650,528.65,0
2546,8650,528.65,0
2546,8650,528.65,0
2546,8650,528.65,0
2546,8650,528.65,0
2546,8650,528.65,0
2546,8650,528.65,0
2546,8650,528.65,0
2546,8650,528.65,0
2546,8650,528.65,0
2546,8650,528.65,0
2546,8650,528.65,0
2546,8650,528.65,0
2546,8650,528.65,0
2546,8650,528.65,0
2546,8650,528.65,0
2546,8650,528.65,0
2546,8650,528.65,0
2546,8650,528.65,0
2546,8650,528.65,0
2546,8650,528.65,0
2546,8650,528.65,0
2546,8650,528.65,0
2546,8650,528.65,0
2546,8650,528.65,0
2546,8650,528.65,0
2546,8650,528.65,0
2546,8650,528.65,0
2546,8650,528.65,0
2546,8650,528.65,0
2546,8650,528.65,0
2546,8650,528.65,0
2546,8650,528.65,0
2546,8650,528.65,0
2546,8650,528.65,0
2546,8650,528.65,0
2546,8650,528.65,0
2546,8650,528.65,0
2546,8650,528.65,0
2546,8650,528.65,0
2546,8650,528.65,0
2546,8650,528.65,0
2546,8650,528.65,0
2546,8650,528.65,0
2546,8650,528.65,0
2546,8650,528.65,0
2546,8650,528.65,0
2546,8650,528.65,0
2546,8650,528.65,0
2546,8650,528.65,0
2546,8650,528.65,0
2546,8650,528.65,0
2546,8650,528.65,0
2546,8650,528.65,0
2546,8650,528.65,0
2546,8650,528.65,0
2546,8650,528.65,0
2546,8650,528.65,0
2546,8650,528.65,0
2546,8650,528.65,0
2546,8650,528.65,0
2546,8650,528.65,0
2546,8650,528.65,0
2546,8650,528.65,0
2546,8650,528.65,0
2546,8650,528.65,0
2546,8650,528.65,0
2546,8650,528.65,0
2546,8650,528.65,0
2546,8650,528.65,0
2546,8650,528.65,0
2546,8650,528.65,0
2546,8650,528.65,0
2546,8650,528.65,0
2546,8650,528.65,0
2546,8650,528.65,0
2546,8650,528.65,0
2546,8650,528.65,0
2546,8650,528.65,0
455,9701,536.2,0
455,9701,536.2,0
455,9701,536.2,0
455,9701,536.2,0
455,9701,536.2,0
455,9701,536.2,0
455,9701,536.2,0
455,9701,536.2,0
455,9701,536.2,0
455,9701,536.2,0
455,9701,536.2,0
455,9701,536.2,0
455,9701,536.2,0
455,9701,536.2,0
455,9701,536.2,0
455,9701,536.2,0
455,9701,536.2,0
455,9701,536.2,0
455,9701,536.2,0
455,9701,536.2,0
455,9701,536.2,0
455,9701,536.2,0
455,9701,536.2,0
455,9701,536.2,0
455,9701,536.2,0
455,9701,536.2,0
455,9701,536.2,0
455,9701,536.2,0
455,9701,536.2,0
455,9701,536.2,0
455,9701,536.2,0
455,9701,536.2,0
455,9701,536.2,0
455,9701,536.2,0
455,9701,536.2,0
455,9701,536.2,0
455,9701,536.2,0
455,9701,536.2,0
455,9701,536.2,0
455,9701,536.2,0
455,9701,536.2,0
455,9701,536.2,0
455,9701,536.2,0
455,9701,536.2,0
455,9701,536.2,0
455,9701,536.2,0
455,9701,536.2,0
455,9701,536.2,0
455,9701,536.2,0
455,9701,536.2,0
455,9701,536.2,0
455,9701,536.2,0
455,9701,536.2,0
455,9701,536.2,0
455,9701,536.2,0
455,9701,536.2,0
455,9701,536.2,0
455,9701,536.2,0
455,9701,536.2,0
455,9701,536.2,0
455,9701,536.2,0
455,9701,536.2,0
455,9701,536.2,0
455,9701,536.2,0
455,9701,536.2,0
455,9701,536.2,0
455,9701,536.2,0
455,9701,536.2,0
455,9701,536.2,0
455,9701,536.2,0
455,9701,536.2,0
455,9701,536.2,0
455,9701,536.2,0
455,9701,536.2,0
455,9701,536.2,0
455,9701,536.2,0
455,9701,536.2,0
455,9701,536.2,0
455,9701,536.2,0
455,9701,536.2,0
455,9701,536.2,0
455,9701,536.2,0
455,9701,536.2,0
455,9701,536.2,0
455,9701,536.2,0
455,9701,536.2,0
455,9701,536.2,0
455,9701,536.2,0
455,9701,536.2,0
455,9701,536.2,0
455,9701,536.2,0
455,9701,536.2,0
455,9701,536.2,0
455,9701,536.2,0
455,9701,536.2,0
455,9701,536.2,0
455,9701,536.2,0
455,9701,536.2,0
455,9701,536.2,0
455,9701,536.2,0
455,9701,536.2,0
455,9701,536.2,0
455,9701,536.2,0
455,9701,536.2,0
455,9701,536.2,0
455,9701,536.2,0
455,9701,536.2,0
455,9701,536.2,0
455,9701,536.2,0
455,9701,536.2,0
455,9701,536.2,0
455,9701,536.2,0
455,9701,536.2,0
455,9701,536.2,0
455,9701,536.2,0
455,9701,536.2,0
455,9701,536.2,0
455,9701,536.2,0
455,9701,536.2,0
455,9701,536.2,0
455,9701,536.2,0
455,9701,536.2,0
455,9701,536.2,0
455,9701,536.2,0
455,9701,536.2,0
455,9701,536.2,0
455,9701,536.2,0
455,9701,536.2,0
455,9701,536.2,0
455,9701,536.2,0
455,9701,536.2,0
455,9701,536.2,0
455,9701,536.2,0
455,9701,536.2,0
455,9701,536.2,0
455,9701,536.2,0
455,9701,536.2,0
455,9701,536.2,0
455,9701,536.2,0
455,9701,536.2,0
455,9701,536.2,0
455,9701,536.2,0
455,9701,536.2,0
455,9701,536.2,0
455,9701,536.2,0
455,9701,536.2,0
455,9701,536.2,0
455,9701,536.2,0
455,9701,536.2,0
455,9701,536.2,0
455,9701,536.2,0
455,9701,536.2,0