node_id,risk_score
0,0.0023175802
1,5.12121e-06
2,6.9044444e-11
3,2.920542e-16
4,6.251175e-11
5,2.8512436e-17
6,2.6088647e-16
7,1.0056908e-18
8,7.613369e-18
9,9.837481e-11
10,5.18747e-11
11,0.00021784104
12,1.4347562e-10
13,5.6042436e-06
14,0.00029417666
15,9.9771635e-11
16,8.799081e-17
17,0.00019842756
18,2.7474493e-16
19,6.7839304e-11
20,3.275647e-16
21,8.387012e-11
22,0.0002679867
23,5.7430953e-13
24,1.1865361e-06
25,1.832022e-05
26,3.6788383e-06
27,1.1062433e-06
28,2.1131092e-07
29,1.7887816e-16
30,6.898171e-13
31,1.867613e-05
32,8.156884e-14
33,5.3828917e-06
34,6.6229834e-13
35,7.406655e-18
36,4.4532033e-19
37,1.8897914e-16
38,0.0027459802
39,6.0883174e-11
40,0.0016745005
41,0.000273592
42,2.048735e-18
43,1.0088878e-18
44,5.2181485e-13
45,0.00024179833
46,0.049664557
47,1.0174567e-06
48,0.002505735
49,6.9395564e-13
50,1.9888426e-16
51,2.5717122e-16
52,3.197814e-16
53,2.226314e-05
54,1.5501418e-16
55,1.0156884e-06
56,7.25176e-13
57,5.219582e-13
58,4.0729347e-11
59,1.8326174e-06
60,2.8679326e-10
61,3.092742e-09
62,2.6214746e-16
63,1.0607311e-18
64,5.4693287e-06
65,1.3390905e-18
66,1.2928043e-21
67,6.0487013e-21
68,4.195844e-13
69,2.0563386e-05
70,3.4145921e-06
71,9.855235e-21
72,4.6547425e-06
73,8.649286e-07
74,2.2841563e-05
75,9.813752e-19
76,1.9962826e-10
77,8.669833e-18
78,2.1112617e-19
79,8.579003e-17
80,1.103529e-06
81,3.147852e-16
82,4.5229016e-18
83,8.5195736e-19
84,1.5650738e-08
85,3.4015628e-16
86,0.00028045874
87,5.4525525e-21
88,8.7711607e-07
89,2.4635724e-06
90,1.13398355e-05
91,4.8978096e-13
92,7.75858e-19
93,1.0125162e-06
94,0.018307406
95,5.494334e-13
96,6.2998613e-13
97,9.985237e-07
98,7.931944e-11
99,1.1822183e-05
100,3.328474e-09
101,1.0573904e-06
102,0.00027119444
103,1.0189751e-18
104,1.0231961e-13
105,1.9713188e-16
106,2.8965285e-11
107,0.050441936
108,4.2449888e-06
109,3.6822857e-11
110,5.982089e-13
111,2.4825655e-05
112,6.3649597e-21
113,1.0047706e-18
114,6.8266625e-18
115,1.8308662e-16
116,3.4948283e-10
117,1.5911373e-06
118,2.2243489e-17
119,2.7598867e-16
120,1.7684931e-18
121,3.133858e-16
122,5.11344e-11
123,3.1742843e-16
124,1.9208492e-05
125,0.0029682016
126,3.5318066e-09
127,7.04107e-21
128,1.0725869e-20
129,0.00210497
130,1.9176902e-18
131,2.5933068e-16
132,0.05961482
133,6.8496175e-18
134,0.045376837
135,5.2963665e-06
136,5.0769395e-06
137,0.00011075081
138,1.7186917e-18
139,2.1662741e-18
140,1.321633e-18
141,0.0028646064
142,8.405974e-11
143,2.656049e-10
144,3.0452356e-16
145,3.1607514e-16
146,5.049938e-07
147,3.3138787e-09
148,9.305663e-19
149,8.450213e-11
150,3.4067572e-16
151,7.181022e-07
152,1.8081009e-16
153,2.5552837e-16
154,3.6742915e-09
155,3.1231648e-16
156,5.472751e-06
157,3.6602024e-10
158,2.7260686e-16
159,3.7078712e-10
160,1.9689268e-18
161,3.834938e-07
162,3.2463882e-16
163,6.5913263e-13
164,0.0028692954
165,1.939048e-05
166,0.0002931173
167,1.0495015e-11
168,4.459216e-21
169,5.7065816e-13
170,3.262413e-10
171,9.819809e-21
172,7.25176e-13
173,1.1980521e-06
174,2.5794152e-16
175,6.853658e-21
176,2.5273642e-16
177,0.002809056
178,7.660341e-05
179,2.1488819e-05
180,1.0864231e-20
181,7.095673e-13
182,5.563856e-06
183,4.5995217e-13
184,4.6920815e-21
185,1.954733e-05
186,2.5110654e-16
187,3.2680127e-21
188,0.00017483016
189,2.4296523e-16
190,7.4211894e-11
191,7.5378266e-11
192,4.911961e-18
193,1.3370576e-20
194,2.0800837e-06
195,6.3768457e-13
196,3.444812e-16
197,2.7982202e-16
198,8.735994e-19
199,4.6959767e-06
200,7.842426e-21
201,5.98164e-18
202,6.659168e-18
203,2.8439625e-19
204,5.4997067e-06
205,3.3823095e-16
206,0.00027177008
207,6.7597956e-13
208,3.534692e-16
209,1.083708e-20
210,3.4551667e-10
211,1.0016478e-18
212,3.4875114e-13
213,6.432118e-07
214,1.0833083e-06
215,8.637592e-08
216,1.2075407e-06
217,3.212486e-16
218,1.6884098e-05
219,7.155396e-19
220,0.0027231562
221,3.0627573e-16
222,0.002749618
223,3.115359e-16
224,0.002595813
225,5.052203e-13
226,2.699848e-06
227,4.7902115e-14
228,2.9685262e-16
229,2.0699381e-05
230,1.1164037e-20
231,0.028138334
232,2.8679022e-16
233,1.0360845e-06
234,3.3278397e-16
235,2.9105767e-16
236,6.8783033e-06
237,3.2549654e-11
238,3.0762463e-16
239,8.050159e-18
240,6.0842715e-13
241,1.226145e-06
242,0.00025182345
243,3.1412642e-10
244,1.0857906e-06
245,0.00020037443
246,1.6598144e-16
247,4.601145e-06
248,5.710725e-11
249,3.4795156e-11
250,2.8363936e-16
251,1.2179961e-06
252,3.2258466e-16
253,5.7571374e-06
254,1.9514548e-05
255,0.0
256,6.9837457e-13
257,2.2072481e-18
258,1.3887745e-07
259,5.8868297e-13
260,9.5361565e-06
261,2.9447058e-16
262,3.4311486e-06
263,2.1720852e-16
264,3.3304814e-16
265,1.1131519e-06
266,5.57592e-13
267,4.562735e-21
268,6.0329715e-18
269,7.593469e-11
270,1.0798756e-06
271,2.212479e-14
272,1.6688098e-17
273,3.365424e-16
274,3.2503537e-16
275,8.671771e-21
276,1.77367e-16
277,0.002319716
278,1.2556053e-06
279,0.05304211
280,2.8094757e-21
281,1.3147942e-18
282,1.1467536e-10
283,1.296791e-20
284,6.2258698e-21
285,1.544255e-19
286,1.9338771e-05
287,2.6673113e-16
288,0.0024933135
289,2.1701996e-21
290,8.1110073e-07
291,0.0027075165
292,3.2211912e-13
293,1.038427e-06
294,7.25176e-13
295,5.5524495e-11
296,2.564502e-16
297,4.0533698e-13
298,1.5108331e-10
299,3.2794474e-16
300,2.2321762e-18
301,9.912013e-14
302,5.3161225e-06
303,0.05329175
304,1.0457254e-06
305,7.6124954e-11
306,3.3298961e-09
307,0.003140799
308,3.0183739e-13
309,4.7598345e-19
310,3.3510757e-16
311,5.790616e-06
312,8.870858e-19
313,2.4724368e-16
314,5.5325327e-06
315,1.6436254e-06
316,1.0291518e-06
317,4.726745e-06
318,1.712607e-16
319,3.0706188e-16
320,4.2341757e-13
321,2.0920583e-21
322,3.7538906e-21
323,4.5060006e-21
324,1.0533805e-06
325,1.4542688e-07
326,3.23061e-10
327,1.0463639e-06
328,1.6835986e-18
329,0.0
330,2.587846e-05
331,7.343689e-11
332,1.0850288e-06
333,8.980532e-07
334,2.0496105e-18
335,9.531614e-07
336,2.5131957e-14
337,3.4994522e-13
338,7.565908e-35
339,0.0
340,0.0
341,0.0
342,0.0
343,0.0
344,0.0
345,0.0
346,0.0
347,0.0
348,0.0
349,0.0
350,0.0
351,0.0
352,0.0
353,0.0
354,0.0
355,0.0
356,0.0
357,0.0
358,0.0
359,0.0
360,0.0
361,0.0
362,0.0
363,0.0
364,0.0
365,0.0
366,0.0
367,0.0
368,0.0
369,0.0
370,0.0
371,0.0
372,0.0
373,0.0
374,0.0
375,0.0
376,0.0
377,0.0
378,0.0
379,0.0
380,0.0
381,0.0
382,0.0
383,2.0725418e-21
384,0.0
385,0.0
386,2.6172266e-17
387,2.61206e-17
388,2.6149016e-17
389,2.6230839e-17
390,2.6151808e-17
391,2.6138343e-17
392,2.6171869e-17
393,2.6153103e-17
394,2.6124088e-17
395,2.6230738e-17
396,2.6152407e-17
397,2.6170967e-17
398,2.6229838e-17
399,0.0
400,0.0
401,0.0
402,0.0
403,0.0
404,0.0
405,0.0
406,0.0
407,0.0
408,0.0
409,0.0
410,0.0
411,0.0
412,0.0
413,0.0
414,0.0
415,0.0
416,1.2260198e-16
417,0.0
418,0.0
419,0.0
420,0.0
421,0.0
422,0.0
423,0.0
424,5.4222265e-14
425,4.016038e-07
426,1.2214369e-14
427,3.2011548e-18
428,3.1586716e-20
429,1.6349793e-16
430,0.0019831774
431,8.698017e-12
432,8.017718e-05
433,2.0571053e-06
434,2.03129e-16
435,2.1587507e-18
436,0.00022139402
437,1.7024311e-05
438,6.1233644e-21
439,3.1296528e-16
440,8.1239776e-19
441,3.8433964e-13
442,0.026712611
443,3.1884065e-11
444,6.4776614e-06
445,4.8789604e-19
446,7.997407e-14
447,1.2209547e-06
448,4.105644e-12
449,1.0991765e-06
450,2.8651024e-16
451,3.3802226e-06
452,0.002047903
453,2.3332807e-14
454,5.6040075e-19
455,8.877358e-19
456,2.9008226e-16
457,1.5608274e-17
458,9.8162145e-21
459,1.6559691e-16
460,1.726566e-16
461,1.8831607e-06
462,5.8528134e-14
463,5.836527e-07
464,3.245099e-07
465,6.778729e-19
466,3.8566939e-10
467,9.608717e-07
468,3.8766843e-06
469,5.4920773e-18
470,4.947837e-13
471,2.3658254e-13
472,2.887193e-13
473,5.18448e-12
474,2.5226626e-07
475,2.7611961e-21
476,4.3299595e-13
477,1.8798971e-07
478,6.350434e-13
479,2.2664159e-05
480,8.5377933e-19
481,5.4829215e-21
482,8.3035e-21
483,2.5521412e-13
484,2.3207986e-05
485,3.1298772e-10
486,1.6609468e-10
487,2.5085647e-10
488,6.356377e-19
489,1.2367615e-06
490,7.976577e-19
491,6.4201903e-22
492,3.4955357e-07
493,3.2352661e-21
494,2.5869278e-06
495,2.6098205e-16
496,2.0020784e-10
497,2.7703502e-16
498,3.607658e-21
499,6.7305564e-08
500,2.7973915e-06
501,5.2009054e-06
502,9.718008e-06
503,2.4608443e-16
504,2.5492355e-10
505,0.0028254096
506,1.5202219e-10
507,4.566732e-06
508,1.593811e-10
509,3.7952343e-11
510,8.381576e-18
511,0.00017386462
512,3.502409e-10
513,9.35584e-21
514,1.3429828e-19
515,3.852305e-21
516,1.7845113e-13
517,0.0002747631
518,8.584334e-07
519,7.111236e-07
520,4.59293e-13
521,1.2002492e-05
522,1.5117985e-05
523,2.4313165e-20
524,3.2782926e-11
525,1.0434169e-05
526,8.663485e-18
527,0.0005309203
528,1.0733144e-22
529,3.1900163e-16
530,3.1742843e-16
531,8.2067065e-19
532,7.316194e-21
533,5.119546e-12
534,1.2508305e-16
535,3.3989773e-26
536,7.4690997e-19
537,9.25751e-19
538,4.1518824e-21
539,0.0020925705
540,4.2149113e-06
541,2.742118e-10
542,5.479064e-05
543,2.9403154e-17
544,2.064187e-20
545,7.316489e-24
546,6.7374635e-09
547,8.0038e-07
548,3.9323633e-21
549,3.87874e-08
550,0.0026898575
551,7.261347e-07
552,1.1880578e-06
553,5.011122e-05
554,8.700343e-19
555,2.2554056e-11
556,3.758658e-08
557,5.1620444e-11
558,4.9465963e-11
559,8.004105e-18
560,5.2455893e-21
561,5.266693e-17
562,1.5874941e-18
563,8.997854e-17
564,1.1098749e-09
565,1.7855771e-09
566,4.243231e-13
567,9.759914e-06
568,6.526249e-21
569,2.7116315e-16
570,2.3952237e-10
571,2.1609161e-05
572,2.0031339e-05
573,9.993162e-07
574,9.593774e-07
575,1.9298295e-07
576,2.7547922e-11
577,2.1005376e-11
578,9.2964774e-07
579,4.377658e-13
580,7.289155e-18
581,3.472196e-11
582,3.27958e-19
583,3.949682e-21
584,3.867954e-06
585,1.9983747e-13
586,5.175487e-13
587,7.054386e-11
588,7.743396e-06
589,2.0029274e-09
590,3.2055605e-06
591,9.6472395e-06
592,1.2720216e-07
593,1.8772808e-10
594,2.884051e-16
595,9.280552e-14
596,5.0531205e-05
597,3.313786e-19
598,3.347885e-14
599,3.8456765e-17
600,5.566569e-13
601,3.0027554e-13
602,4.730533e-07
603,6.3179594e-13
604,1.2214742e-14
605,9.51813e-06
606,9.459709e-19
607,6.3081076e-21
608,1.4397648e-21
609,3.3390519e-18
610,3.1367284e-16
611,7.909947e-11
612,7.529264e-18
613,1.692356e-05
614,6.040176e-19
615,6.7786344e-24
616,3.913438e-11
617,5.6067444e-19
618,1.705231e-12
619,8.23484e-07
620,8.587085e-07
621,1.2502365e-20
622,4.4743027e-18
623,3.5460482e-17
624,1.6249085e-21
625,5.561791e-21
626,5.925904e-11
627,5.948872e-18
628,1.3919998e-16
629,3.422529e-10
630,3.3253348e-19
631,8.37678e-11
632,5.505016e-19
633,8.7738374e-07
634,5.0749657e-07
635,3.8335314e-11
636,2.3251928e-16
637,1.8050314e-06
638,8.849768e-19
639,2.429356e-16
640,1.3762728e-13
641,7.6159496e-19
642,1.3783596e-19
643,1.0486175e-06
644,2.9781445e-16
645,4.289306e-12
646,1.3913351e-10
647,5.9600152e-21
648,3.7702184e-23
649,6.490821e-06
650,1.7515794e-12
651,5.830842e-21
652,4.4643903e-21
653,6.9598595e-06
654,6.9653664e-19
655,2.4150972e-17
656,0.032755498
657,6.714082e-19
658,0.03798471
659,1.129371e-06
660,1.2435929e-06
661,6.980188e-25
662,5.237501e-07
663,2.8207087e-06
664,4.933761e-19
665,0.00026350323
666,9.724908e-19
667,7.972473e-11
668,1.0200371e-10
669,2.0066214e-05
670,1.0814586e-10
671,1.0987601e-20
672,3.6060936e-19
673,0.00027262545
674,2.2127182e-19
675,5.3327145e-19
676,1.0241502e-18
677,1.0236503e-18
678,1.3618034e-10
679,1.0658787e-06
680,3.6503614e-08
681,6.298858e-11
682,0.0017300516
683,3.0677582e-11
684,5.193806e-11
685,1.6811799e-17
686,4.189557e-21
687,1.0693486e-06
688,2.5104793e-10
689,8.530556e-21
690,5.69649e-13
691,9.00121e-19
692,1.2023742e-06
693,2.2396673e-16
694,4.799561e-13
695,6.547308e-17
696,6.178388e-13
697,8.893085e-19
698,1.0503016e-20
699,1.4508118e-16
700,5.028178e-07
701,2.2110251e-09
702,4.3074792e-17
703,7.458474e-13
704,1.1296641e-10
705,1.2692275e-20
706,3.015826e-16
707,8.882778e-19
708,2.3373833e-10
709,8.3660524e-07
710,1.6458797e-09
711,2.369108e-17
712,1.1762024e-18
713,0.0021578665
714,2.1785912e-16
715,0.00029015893
716,2.6120514e-16
717,4.35737e-11
718,2.2141149e-16
719,3.8382134e-11
720,7.624006e-07
721,3.398012e-06
722,5.5730274e-13
723,1.6769906e-10
724,5.966227e-13
725,1.9320106e-16
726,9.407825e-17
727,4.5358017e-21
728,7.2322634e-11
729,8.6521526e-19
730,0.051610038
731,1.814606e-05
732,4.248164e-06
733,4.297518e-06
734,5.6899815e-18
735,1.1896313e-18
736,3.2071963e-16
737,8.193727e-11
738,3.2270285e-16
739,5.1870774e-07
740,2.4426144e-10
741,1.3115081e-18
742,7.5515005e-10
743,0.0021419576
744,1.3946072e-05
745,8.659843e-05
746,2.7662094e-07
747,2.3586225e-23
748,1.8401648e-16
749,2.684243e-10
750,9.195064e-21
751,5.5524866e-13
752,7.171493e-11
753,1.8904321e-17
754,4.6955194e-21
755,3.8635568e-17
756,9.5630575e-08
757,2.028076e-05
758,1.3700706e-13
759,2.9365998e-13
760,1.664481e-16
761,1.6048896e-06
762,1.12646246e-10
763,1.2642179e-06
764,2.0838183e-05
765,7.692726e-05
766,3.5412428e-13
767,4.0508444e-06
768,1.1650094e-05
769,1.3253488e-18
770,1.1144116e-05
771,1.0273364e-16
772,0.00025315615
773,0.014661663
774,4.5416372e-13
775,5.2634096e-13
776,1.0757924e-18
777,4.900209e-06
778,0.002885538
779,2.0885983e-13
780,3.6436327e-13
781,9.627062e-07
782,5.183317e-18
783,4.6637e-06
784,2.5992766e-10
785,0.00026473412
786,1.2603499e-20
787,1.1982836e-13
788,2.0374983e-16
789,6.173778e-18
790,0.0002731437
791,2.9508232e-16
792,0.0012841217
793,1.0273431e-18
794,2.8770186e-16
795,5.2974174e-06
796,6.3175734e-13
797,4.899584e-21
798,1.09487e-18
799,7.424202e-23
800,7.6102133e-06
801,3.8357747e-08
802,3.871506e-11
803,8.916396e-17
804,1.2354224e-06
805,1.9893415e-18
806,2.429504e-16
807,2.5619989e-16
808,2.447064e-07
809,6.8976766e-19
810,0.00017141784
811,1.4206574e-23
812,4.4064725e-22
813,3.5638784e-11
814,1.0878758e-18
815,5.083889e-21
816,0.0027703226
817,0.022944665
818,3.3195977e-09
819,2.7040288e-16
820,2.0205324e-16
821,6.244096e-19
822,2.8751448e-22
823,4.936505e-21
824,5.210914e-18
825,3.430267e-10
826,2.7114658e-16
827,2.9594807e-16
828,8.837294e-17
829,2.077573e-09
830,1.088075e-18
831,0.0025797249
832,0.0027192843
833,5.335376e-13
834,2.4203278e-16
835,3.2463882e-16
836,2.965112e-06
837,4.021634e-17
838,1.7432737e-12
839,7.4161835e-05
840,4.081547e-13
841,3.673331e-13
842,8.696095e-19
843,3.0042517e-16
844,9.6781694e-11
845,3.405024e-19
846,0.004012985
847,2.0650937e-06
848,5.3169736e-11
849,8.619004e-21
850,0.0017202761
851,8.0245435e-14
852,4.191465e-11
853,3.0463837e-10
854,5.1175116e-21
855,1.0403143e-06
856,1.01980895e-07
857,7.651878e-21
858,1.136402e-18
859,2.4207712e-16
860,7.005444e-19
861,4.7064573e-14
862,5.377643e-09
863,2.8312033e-07
864,2.6014817e-08
865,1.0176077e-18
866,3.2374843e-16
867,1.6959468e-13
868,4.352158e-06
869,2.7698433e-16
870,1.5595895e-17
871,1.6852325e-16
872,1.0546511e-06
873,3.5431988e-06
874,0.00024795427
875,2.08588e-16
876,2.2156018e-16
877,0.04906504
878,2.370619e-16
879,3.901523e-21
880,6.860965e-11
881,2.4575422e-16
882,0.0012739762
883,1.4228139e-11
884,3.8950056e-06
885,2.6590214e-16
886,1.0296701e-06
887,5.7869025e-13
888,1.0868291e-13
889,0.00019377422
890,4.245923e-11
891,3.971307e-11
892,5.495095e-18
893,2.8067335e-21
894,1.2573885e-10
895,5.491072e-18
896,2.3934446e-16
897,8.518836e-05
898,0.03588925
899,0.002085747
900,2.500292e-17
901,7.810046e-07
902,3.1538788e-13
903,5.9375286e-13
904,8.193354e-07
905,2.657561e-16
906,1.2451691e-10
907,2.8551732e-09
908,0.028002724
909,1.2947711e-05
910,6.222071e-21
911,4.533747e-08
912,8.366244e-18
913,2.7386305e-22
914,2.8494072e-16
915,2.1863171e-16
916,4.4083677e-06
917,1.3865546e-12
918,2.110488e-06
919,2.8572042e-21
920,3.2525366e-16
921,3.00939e-16
922,1.7834519e-18
923,8.35417e-15
924,6.5081763e-06
925,1.5276856e-06
926,0.024422165
927,0.0009925138
928,7.220176e-22
929,4.81271e-19
930,0.0007078544
931,0.02863853
932,4.4552275e-18
933,4.5891127e-20
934,2.2701757e-10
935,4.020241e-06
936,9.162571e-21
937,7.262361e-21
938,0.0016598089
939,2.813462e-16
940,5.1634627e-11
941,7.0174265e-19
942,8.017689e-14
943,2.8822914e-16
944,1.3372582e-10
945,7.243787e-08
946,1.1657901e-06
947,3.0990492e-16
948,1.617806e-16
949,2.7639732e-07
950,7.589556e-12
951,7.027852e-07
952,2.602714e-22
953,9.260496e-15
954,0.0016722701
955,4.886769e-06
956,5.6186235e-13
957,3.1371115e-16
958,0.002443346
959,1.0371759e-06
960,5.3283793e-13
961,5.127068e-13
962,2.502159e-12
963,1.1790134e-20
964,4.502947e-19
965,0.0027135178
966,6.2310275e-13
967,1.1595861e-16
968,1.2449791e-10
969,2.4026656e-16
970,3.4332332e-13
971,1.0391822e-13
972,3.1576871e-18
973,4.6699304e-07
974,6.827772e-21
975,1.2866761e-06
976,8.209266e-21
977,1.766971e-16
978,5.392305e-11
979,4.828618e-11
980,2.7345132e-10
981,2.3540143e-13
982,3.1332842e-16
983,1.2015122e-06
984,5.2218604e-07
985,3.634391e-11
986,9.413188e-14
987,1.12049875e-05
988,5.4565753e-06
989,4.348472e-07
990,1.1551303e-06
991,1.2508305e-16
992,7.9824536e-11
993,8.7366495e-14
994,0.0002722431
995,1.7118754e-16
996,7.7010544e-11
997,7.487159e-11
998,1.2473236e-16
999,1.6116079e-18
1000,0.00024455646
1001,7.8044446e-11
1002,8.960646e-19
1003,8.493039e-17
1004,7.301122e-07
1005,2.601868e-16
1006,3.153875e-08
1007,2.0047669e-06
1008,1.0957951e-15
1009,2.4823923e-13
1010,1.1572316e-05
1011,1.8455637e-16
1012,1.5967256e-18
1013,6.488897e-11
1014,1.3410899e-17
1015,3.0139857e-16
1016,1.1930568e-20
1017,8.528939e-19
1018,6.92517e-13
1019,3.0994278e-16
1020,3.303062e-17
1021,1.2687981e-10
1022,4.851609e-17
1023,3.9598126e-07
1024,3.4615334e-13
1025,0.00021400198
1026,6.834011e-07
1027,3.201168e-10
1028,6.547794e-21
1029,3.2721739e-09
1030,1.2274024e-20
1031,1.168711e-06
1032,1.3804087e-16
1033,5.6759898e-21
1034,3.6154746e-11
1035,1.1632799e-18
1036,2.2750757e-16
1037,6.947534e-19
1038,7.575409e-20
1039,4.1602705e-13
1040,5.47806e-07
1041,0.008389394
1042,2.2954266e-06
1043,6.739538e-19
1044,1.8877163e-16
1045,1.9739937e-20
1046,2.0870897e-16
1047,5.9768957e-18
1048,2.147435e-16
1049,2.3092893e-17
1050,2.3532223e-22
1051,2.825163e-16
1052,0.0021813367
1053,8.595016e-18
1054,3.3464854e-26
1055,0.0009489418
1056,6.0543215e-07
1057,0.03636907
1058,1.9415587e-21
1059,7.6015536e-19
1060,9.586456e-11
1061,1.7005807e-26
1062,7.9110694e-17
1063,3.5964604e-13
1064,3.8519427e-11
1065,9.516461e-19
1066,6.464036e-13
1067,0.00021396606
1068,1.7741385e-22
1069,0.0025757034
1070,3.1447357e-21
1071,2.405632e-20
1072,7.500955e-14
1073,1.0550562e-20
1074,2.0424789e-16
1075,2.481205e-16
1076,3.8796766e-21
1077,6.762021e-11
1078,1.5713846e-16
1079,3.427357e-21
1080,5.098981e-13
1081,2.6553109e-09
1082,0.0027841413
1083,0.0023693237
1084,1.225722e-21
1085,3.322563e-16
1086,6.842791e-21
1087,6.018305e-11
1088,6.215619e-21
1089,6.221717e-13
1090,1.1376384e-06
1091,2.1736336e-10
1092,2.9733414e-17
1093,2.201234e-06
1094,0.053997826
1095,2.4129528e-16
1096,3.8236e-11
1097,1.08919735e-16
1098,1.7680873e-05
1099,4.5516094e-21
1100,5.147063e-06
1101,0.05095139
1102,2.3315646e-13
1103,5.4009043e-13
1104,4.1074845e-06
1105,0.04221075
1106,0.0019872133
1107,1.0600918e-11
1108,2.0350899e-09
1109,3.1851997e-07
1110,4.652746e-13
1111,2.1250948e-19
1112,3.1596278e-10
1113,0.0022112476
1114,9.383229e-19
1115,5.2643735e-13
1116,4.5426855e-06
1117,0.00026423583
1118,3.2503537e-16
1119,5.6182804e-13
1120,2.6811854e-16
1121,8.526568e-18
1122,2.2429376e-06
1123,4.8024717e-21
1124,9.221266e-14
1125,1.3656323e-10
1126,1.2863162e-13
1127,1.0353658e-17
1128,0.00022644257
1129,5.4377906e-06
1130,4.3389077e-19
1131,2.923931e-16
1132,9.354604e-05
1133,1.5789904e-18
1134,1.505632e-10
1135,1.991272e-16
1136,1.7641869e-06
1137,1.1280794e-10
1138,1.5721834e-22
1139,9.019968e-21
1140,1.0370177e-06
1141,2.8310319e-16
1142,8.733632e-07
1143,1.4778829e-05
1144,2.82305e-07
1145,8.751947e-17
1146,2.3732249e-16
1147,6.1546966e-14
1148,1.0595546e-06
1149,4.5963375e-07
1150,3.2503024e-07
1151,2.1068989e-21
1152,0.00040155533
1153,0.0015142752
1154,0.00029802494
1155,2.7661264e-16
1156,5.397203e-06
1157,2.4376735e-16
1158,3.6922126e-13
1159,1.952527e-05
1160,5.7457245e-13
1161,1.4127712e-10
1162,1.06259274e-13
1163,1.1524419e-07
1164,2.0524203e-05
1165,7.711051e-07
1166,6.832126e-20
1167,4.413845e-20
1168,4.2601864e-10
1169,3.7992995e-21
1170,1.9237235e-05
1171,0.03297569
1172,2.688506e-10
1173,2.1763318e-16
1174,2.665383e-06
1175,0.00013722674
1176,2.2070351e-05
1177,1.975924e-11
1178,1.0067964e-18
1179,4.7046873e-11
1180,6.392992e-21
1181,2.1859313e-18
1182,1.8019312e-16
1183,2.338604e-11
1184,2.6851964e-07
1185,9.268432e-07
1186,1.04922005e-13
1187,8.862682e-17
1188,1.5885735e-07
1189,8.300466e-12
1190,2.0354526e-26
1191,4.2502012e-11
1192,1.2970296e-11
1193,1.3129149e-10
1194,0.0028503025
1195,2.8274055e-16
1196,5.239851e-13
1197,3.196058e-16
1198,0.055553894
1199,2.3694616e-16
1200,6.1075255e-13
1201,2.304519e-10
1202,2.7546264e-07
1203,6.316568e-11
1204,8.096043e-11
1205,0.0018725066
1206,4.277929e-21
1207,2.2481958e-05
1208,6.810943e-13
1209,4.7992758e-06
1210,5.397779e-06
1211,1.1157832e-18
1212,2.9468634e-16
1213,3.434944e-16
1214,5.414602e-13
1215,1.3031352e-10
1216,1.4653778e-10
1217,0.00022111724
1218,4.2826035e-19
1219,3.622295e-18
1220,9.371844e-21
1221,2.3615207e-16
1222,2.552278e-20
1223,2.993667e-10
1224,2.7170985e-16
1225,0.0028783248
1226,1.2319023e-06
1227,7.259701e-21
1228,8.726934e-19
1229,2.1371046e-07
1230,6.042822e-13
1231,3.6547212e-09
1232,1.1004015e-06
1233,0.00028329232
1234,7.278691e-05
1235,9.639409e-07
1236,3.3064036e-09
1237,7.7354116e-19
1238,7.414142e-19
1239,1.2151744e-06
1240,6.611271e-13
1241,0.0025160727
1242,7.174638e-19
1243,3.3930975e-10
1244,1.1049803e-05
1245,6.2892703e-21
1246,0.05100454
1247,1.3016249e-10
1248,5.058683e-13
1249,0.00030421422
1250,6.362157e-17
1251,6.1695886e-07
1252,5.772182e-18
1253,1.5050347e-10
1254,2.9522643e-16
1255,9.18771e-19
1256,1.9293002e-16
1257,2.849929e-16
1258,5.0326676e-06
1259,9.735005e-19
1260,0.053685345
1261,2.1276048e-16
1262,7.961715e-18
1263,3.1463155e-16
1264,1.7209748e-05
1265,4.1262577e-13
1266,1.2692275e-20
1267,4.351295e-06
1268,1.1199497e-06
1269,1.8382685e-18
1270,9.872821e-07
1271,5.9078625e-21
1272,4.614265e-21
1273,0.055647235
1274,4.683088e-13
1275,2.2423032e-05
1276,3.953541e-21
1277,0.040868558
1278,1.7688053e-16
1279,2.2877715e-10
1280,3.0528658e-16
1281,0.051418986
1282,4.4687524e-21
1283,3.9306835e-21
1284,3.36725e-06
1285,1.0241502e-18
1286,2.952084e-16
1287,0.0549248
1288,1.1049891e-13
1289,3.2301813e-16
1290,6.2343643e-18
1291,2.9529853e-16
1292,1.1177074e-13
1293,2.032444e-05
1294,9.940845e-07
1295,1.863713e-05
1296,5.0537455e-13
1297,7.54839e-10
1298,2.7469464e-16
1299,3.090549e-16
1300,3.81967e-06
1301,4.5107054e-06
1302,7.498333e-19
1303,4.375904e-21
1304,9.2559444e-14
1305,3.4094617e-16
1306,1.100162e-18
1307,3.2511021e-21
1308,9.1794817e-07
1309,4.269441e-11
1310,2.2963173e-05
1311,2.2944593e-16
1312,2.5970719e-21
1313,2.795318e-16
1314,8.671041e-14
1315,0.001949713
1316,5.5043668e-11
1317,3.1386433e-16
1318,2.2297476e-05
1319,8.908606e-07
1320,1.9489471e-16
1321,4.7332135e-21
1322,5.3238284e-13
1323,1.8131964e-18
1324,0.002567758
1325,4.9586873e-11
1326,7.991196e-19
1327,3.2240992e-09
1328,3.5119696e-13
1329,4.545595e-18
1330,0.05894917
1331,1.8050512e-05
1332,6.927495e-13
1333,1.2360447e-10
1334,1.0858404e-06
1335,5.638549e-13
1336,2.966896e-16
1337,1.04537704e-20
1338,4.3780412e-21
1339,0.04482484
1340,2.8801812e-16
1341,3.0569678e-16
1342,4.463464e-06
1343,6.695489e-11
1344,9.519696e-07
1345,1.8016132e-18
1346,3.2862602e-16
1347,6.325734e-07
1348,1.1264347e-21
1349,1.2376333e-20
1350,0.00019503021
1351,0.045422133
1352,4.6278037e-21
1353,1.7050045e-18
1354,9.5258224e-21
1355,3.0960245e-16
1356,9.0001487e-07
1357,1.0513893e-06
1358,1.1292188e-20
1359,0.00022825996
1360,2.890426e-10
1361,2.1051344e-05
1362,1.3795754e-18
1363,1.4794416e-06
1364,2.5273642e-16
1365,6.490631e-18
1366,9.564103e-07
1367,1.2050591e-20
1368,2.2945368e-17
1369,1.2125075e-10
1370,6.2928555e-18
1371,5.3350286e-21
1372,5.8649526e-13
1373,1.2977773e-06
1374,1.422266e-06
1375,0.00031009418
1376,9.075999e-07
1377,0.0002502915
1378,5.9561384e-18
1379,9.554715e-14
1380,2.6723627e-16
1381,3.212486e-16
1382,1.0096649e-05
1383,4.7651984e-06
1384,0.0009788185
1385,2.666282e-10
1386,8.163278e-11
1387,5.9494756e-21
1388,3.840098e-21
1389,1.2295019e-20
1390,4.7491487e-13
1391,5.5992855e-06
1392,2.1700356e-05
1393,8.956332e-21
1394,1.1361811e-06
1395,5.3941154e-11
1396,1.505632e-10
1397,7.2475103e-07
1398,5.0338355e-19
1399,2.3635397e-05
1400,2.672526e-16
1401,3.5026113e-09
1402,0.00014016581
1403,3.3086e-16
1404,3.803244e-21
1405,3.1636464e-16
1406,6.827591e-13
1407,1.1908893e-06
1408,2.8142555e-09
1409,3.3388263e-16
1410,3.812556e-13
1411,1.0585366e-06
1412,7.123617e-07
1413,6.7003458e-18
1414,9.514201e-21
1415,2.55036e-06
1416,3.334178e-10
1417,1.2724685e-16
1418,2.6590214e-16
1419,5.7537964e-13
1420,6.311214e-13
1421,0.00027593077
1422,6.7515217e-21
1423,0.0022914088
1424,5.932418e-11
1425,6.8660377e-13
1426,3.0237512e-16
1427,2.4999023e-16
1428,3.476736e-06
1429,0.0029417453
1430,6.927678e-21
1431,1.0738944e-10
1432,7.726715e-07
1433,1.0027215e-19
1434,2.8551525e-16
1435,3.6539521e-10
1436,4.471451e-19
1437,0.0016865066
1438,3.172303e-21
1439,1.0004147e-06
1440,1.0609135e-06
1441,1.1581868e-20
1442,7.3224475e-21
1443,2.52721e-16
1444,3.1386433e-16
1445,8.079753e-11
1446,1.0104943e-06
1447,5.145093e-13
1448,5.86728e-13
1449,3.2866615e-16
1450,2.4364821e-05
1451,2.5674078e-17
1452,7.5860575e-11
1453,1.30831e-18
1454,3.172154e-16
1455,0.0017866666
1456,1.8509036e-05
1457,7.0984885e-13
1458,1.795985e-05
1459,5.6958884e-18
1460,0.00029146092
1461,0.01666322
1462,8.241878e-11
1463,9.325056e-21
1464,4.0937552e-21
1465,7.03547e-07
1466,1.020282e-18
1467,1.0611844e-18
1468,0.052418657
1469,1.0354997e-06
1470,5.85333e-13
1471,5.79857e-13
1472,1.0474138e-18
1473,0.0002786506
1474,1.2671981e-16
1475,5.4220207e-21
1476,1.6394421e-19
1477,0.00028651708
1478,1.7721117e-05
1479,1.6017908e-16
1480,3.0241204e-16
1481,8.656414e-11
1482,7.913086e-11
1483,8.428579e-11
1484,4.3705923e-06
1485,2.1120195e-05
1486,2.1188729e-09
1487,1.0501734e-20
1488,1.3668414e-10
1489,6.350602e-21
1490,1.2080046e-20
1491,1.0165567e-06
1492,5.482514e-17
1493,5.6421677e-06
1494,2.867845e-10
1495,9.569504e-07
1496,0.002423843
1497,2.8191739e-11
1498,0.012336978
1499,8.780265e-07
1500,3.046723e-16
1501,9.554873e-19
1502,2.3482975e-16
1503,2.2079217e-18
1504,1.12938825e-10
1505,2.5374966e-17
1506,8.426779e-11
1507,8.100245e-11
1508,4.914429e-13
1509,2.2202886e-09
1510,1.0797172e-21
1511,9.43261e-19
1512,5.229307e-13
1513,4.9148265e-19
1514,3.829543e-10
1515,2.96163e-06
1516,5.3476017e-13
1517,5.3712957e-21
1518,3.856683e-06
1519,1.0164351e-20
1520,5.0895824e-06
1521,8.427515e-19
1522,4.3454185e-11
1523,2.7061752e-16
1524,2.1953502e-17
1525,4.8302714e-13
1526,9.6781694e-11
1527,0.00011137013
1528,1.2914902e-18
1529,8.196979e-11
1530,9.014305e-07
1531,2.0465723e-05
1532,3.1789377e-16
1533,3.540376e-22
1534,3.8124395e-13
1535,8.341322e-11
1536,1.0573419e-10
1537,2.2657912e-16
1538,7.828817e-08
1539,1.0126962e-13
1540,1.25022e-16
1541,3.355238e-13
1542,6.601164e-21
1543,2.912116e-19
1544,2.1841154e-07
1545,5.3061973e-07
1546,7.761454e-11
1547,5.563304e-06
1548,1.4255425e-09
1549,6.8682693e-19
1550,6.992819e-18
1551,5.69145e-13
1552,1.4463122e-18
1553,2.3812302e-10
1554,9.798927e-14
1555,6.0579254e-07
1556,1.0147689e-13
1557,5.291752e-22
1558,1.6895692e-18
1559,2.4792368e-16
1560,1.629809e-18
1561,6.3236576e-18
1562,1.9141105e-07
1563,0.0011031101
1564,2.7251806e-19
1565,9.4924256e-11
1566,8.057963e-07
1567,3.5135636e-21
1568,0.035921864
1569,8.648492e-11
1570,2.3697178e-21
1571,6.7231304e-11
1572,1.01698005e-16
1573,9.745705e-19
1574,2.6995498e-13
1575,0.00022467221
1576,1.1924419e-21
1577,2.7521487e-16
1578,4.390618e-21
1579,3.0920586e-16
1580,5.293188e-21
1581,7.220813e-21
1582,5.225485e-06
1583,2.2687213e-10
1584,2.4866895e-10
1585,4.068685e-06
1586,1.0006157e-20
1587,0.00022838186
1588,7.207805e-11
1589,4.408534e-07
1590,5.407957e-20
1591,5.6151576e-11
1592,1.0187885e-18
1593,2.747785e-16
1594,7.7174396e-17
1595,6.44257e-06
1596,1.0134624e-11
1597,1.9883703e-18
1598,2.53798e-10
1599,2.4877254e-16
1600,1.0249007e-18
1601,3.5537263e-07
1602,9.4895296e-07
1603,3.7550042e-06
1604,6.7424896e-13
1605,6.3455914e-13
1606,1.10446055e-16
1607,2.4472142e-16
1608,1.2657234e-06
1609,1.4360883e-23
1610,7.727497e-14
1611,6.5780857e-14
1612,9.112166e-14
1613,8.4198585e-21
1614,0.04821843
1615,0.04486405
1616,2.6974352e-16
1617,5.6639003e-13
1618,7.874724e-18
1619,1.683933e-05
1620,4.97744e-05
1621,2.0648035e-18
1622,5.4519848e-08
1623,0.0016673862
1624,1.144186e-05
1625,2.1066937e-10
1626,4.8780353e-17
1627,2.4638502e-16
1628,5.301057e-18
1629,1.2080623e-16
1630,6.426566e-06
1631,3.1085852e-13
1632,6.1621937e-13
1633,1.9763077e-06
1634,2.9158702e-21
1635,2.8690386e-07
1636,3.0026018e-16
1637,2.942312e-10
1638,1.61535e-18
1639,0.00254932
1640,2.835182e-16
1641,5.9742435e-13
1642,2.0959913e-11
1643,1.0745598e-22
1644,5.04614e-19
1645,2.8603847e-16
1646,6.2665544e-07
1647,1.385281e-11
1648,2.4734934e-16
1649,0.039238945
1650,2.4899693e-21
1651,9.143328e-22
1652,1.0835066e-06
1653,2.0942094e-05
1654,8.4840635e-11
1655,9.011142e-07
1656,1.00085995e-20
1657,1.8559658e-05
1658,3.424528e-07
1659,1.21528985e-11
1660,7.304646e-14
1661,8.4930956e-19
1662,8.2977347e-14
1663,6.079591e-11
1664,8.2932246e-07
1665,6.3150687e-06
1666,6.5956615e-18
1667,2.116049e-21
1668,4.401351e-21
1669,6.364036e-14
1670,1.2027731e-18
1671,2.0026368e-07
1672,1.9082345e-09
1673,8.905035e-19
1674,8.9664286e-07
1675,3.9934522e-13
1676,6.027251e-08
1677,3.464775e-10
1678,1.3899198e-16
1679,1.2855186e-10
1680,8.652738e-21
1681,6.6789613e-07
1682,5.0254403e-05
1683,6.7215065e-21
1684,1.2539812e-20
1685,4.9851215e-13
1686,3.4069417e-06
1687,1.4895511e-07
1688,1.8651639e-05
1689,9.311282e-17
1690,2.6099433e-21
1691,4.5153017e-17
1692,0.0
1693,9.412994e-17
1694,4.107798e-06
1695,6.781671e-21
1696,4.5014833e-13
1697,2.594098e-16
1698,6.647035e-11
1699,7.7295434e-11
1700,1.4604164e-18
1701,7.044892e-19
1702,0.00029211745
1703,8.034723e-19
1704,5.605436e-13
1705,1.2618866e-05
1706,1.8689335e-06
1707,3.3171605e-13
1708,5.36411e-13
1709,1.4026326e-10
1710,2.5819627e-10
1711,1.1055178e-06
1712,2.5881418e-13
1713,1.000548e-18
1714,4.7187907e-21
1715,6.5796297e-07
1716,2.0577447e-16
1717,2.088378e-18
1718,1.950687e-09
1719,1.8777314e-18
1720,4.5115045e-21
1721,2.5543226e-13
1722,7.1083076e-07
1723,2.346435e-16
1724,1.4567268e-19
1725,2.3786126e-06
1726,4.469298e-21
1727,1.2581895e-18
1728,1.5712887e-16
1729,3.0805678e-16
1730,0.043805614
1731,1.0182953e-10
1732,2.9441083e-10
1733,5.882699e-13
1734,4.6063867e-21
1735,1.0989679e-08
1736,1.5329087e-13
1737,6.2963135e-18
1738,4.685024e-18
1739,6.1033865e-11
1740,5.447859e-19
1741,8.640892e-22
1742,6.114668e-07
1743,3.093967e-18
1744,9.685221e-19
1745,1.7188902e-16
1746,2.0562515e-18
1747,1.4494936e-18
1748,1.9773442e-16
1749,2.0930993e-18
1750,5.036625e-07
1751,4.688646e-21
1752,2.377574e-16
1753,9.568627e-11
1754,1.3513787e-21
1755,3.5026574e-13
1756,0.00020246545
1757,6.747429e-13
1758,5.243296e-06
1759,0.00025542933
1760,8.798774e-07
1761,1.2841017e-18
1762,1.0004452e-06
1763,2.8794377e-21
1764,0.00027734024
1765,3.0619488e-10
1766,0.0027330362
1767,1.0949441e-20
1768,0.0029636219
1769,0.051763173
1770,2.583354e-16
1771,7.738666e-17
1772,3.779384e-19
1773,9.230154e-10
1774,3.2454457e-07
1775,1.0356894e-10
1776,2.7808536e-16
1777,3.0816962e-16
1778,0.00018048346
1779,2.324767e-16
1780,3.0886022e-10
1781,3.352848e-19
1782,5.1394436e-13
1783,5.0860614e-21
1784,8.874107e-19
1785,0.0024964844
1786,6.4559534e-13
1787,7.510446e-18
1788,2.87579e-16
1789,1.4017768e-10
1790,2.5914078e-16
1791,7.8359465e-11
1792,5.9045786e-19
1793,0.028846724
1794,2.2976827e-16
1795,5.783901e-13
1796,1.993704e-16
1797,6.6667846e-13
1798,0.00023655902
1799,7.8278225e-07
1800,2.8072588e-13
1801,0.0002988284
1802,1.1924587e-16
1803,6.538609e-21
1804,1.2025943e-06
1805,1.9319214e-07
1806,5.588185e-13
1807,1.8773891e-09
1808,1.4284933e-16
1809,1.9796108e-21
1810,1.7665396e-16
1811,1.424923e-16
1812,9.502281e-07
1813,0.00026340678
1814,6.774638e-21
1815,1.1963381e-20
1816,0.00027434845
1817,1.9243609e-16
1818,1.1003036e-20
1819,1.8708646e-05
1820,0.0006288892
1821,2.5824078e-16
1822,0.0001316466
1823,4.94678e-13
1824,2.289106e-11
1825,0.00027468766
1826,1.2818946e-06
1827,2.2470984e-05
1828,7.486933e-07
1829,1.9372187e-18
1830,3.334076e-10
1831,0.002090946
1832,2.775597e-16
1833,2.4765147e-16
1834,3.4451642e-10
1835,4.8525828e-05
1836,5.6563006e-13
1837,1.1291853e-11
1838,1.0892198e-13
1839,5.9199737e-22
1840,3.0154577e-16
1841,8.461072e-21
1842,9.199814e-07
1843,2.1247376e-06
1844,0.0002482495
1845,8.429093e-11
1846,2.7780822e-19
1847,1.7207912e-18
1848,3.578491e-21
1849,1.0999818e-06
1850,2.1706419e-18
1851,3.2916801e-16
1852,4.716456e-19
1853,1.5590609e-16
1854,4.5702e-17
1855,6.3501725e-19
1856,5.487798e-13
1857,2.3988558e-16
1858,2.9176913e-16
1859,3.2997262e-16
1860,5.6825614e-11
1861,2.2665543e-05
1862,2.8586396e-16
1863,5.778408e-21
1864,1.4332187e-18
1865,9.8962966e-14
1866,7.3398826e-07
1867,2.9255375e-16
1868,3.0355436e-21
1869,2.876843e-16
1870,5.1968317e-21
1871,6.9234363e-07
1872,3.528153e-19
1873,6.2435907e-13
1874,1.0702328e-20
1875,1.172462e-06
1876,0.0002498223
1877,7.083729e-07
1878,1.0501707e-06
1879,6.286609e-13
1880,2.1410222e-16
1881,0.028294083
1882,1.1365453e-06
1883,3.8511452e-13
1884,3.3510092e-10
1885,4.981403e-06
1886,0.0002900129
1887,4.4122356e-07
1888,5.3281813e-11
1889,6.4372375e-21
1890,0.048304286
1891,1.5541206e-16
1892,1.7291325e-13
1893,6.364361e-11
1894,1.4765496e-18
1895,1.672333e-18
1896,7.619235e-11
1897,6.2457434e-07
1898,7.220373e-21
1899,2.3220739e-05
1900,2.3207512e-10
1901,9.6241565e-06
1902,5.5787537e-19
1903,2.356769e-16
1904,2.4418028e-11
1905,4.668248e-13
1906,4.84132e-21
1907,7.905545e-18
1908,3.1711857e-16
1909,2.0008967e-16
1910,2.962011e-16
1911,1.0348364e-06
1912,0.0002835366
1913,9.292608e-19
1914,9.2728515e-06
1915,1.508114e-19
1916,2.2764648e-16
1917,7.785889e-11
1918,1.308718e-20
1919,1.8014467e-05
1920,0.03784848
1921,2.7354947e-17
1922,7.5848994e-11
1923,1.1370264e-18
1924,1.563624e-05
1925,3.0046183e-16
1926,1.0746696e-16
1927,5.3017034e-06
1928,5.8515205e-21
1929,2.9606233e-22
1930,5.218435e-07
1931,1.3051705e-07
1932,7.298257e-17
1933,2.3424283e-16
1934,7.953295e-21
1935,2.7015544e-16
1936,6.4234155e-17
1937,1.4946743e-16
1938,1.629338e-05
1939,0.047293663
1940,8.340579e-21
1941,6.842514e-18
1942,0.0002101328
1943,5.5653845e-06
1944,5.3067744e-21
1945,0.00031786467
1946,8.584821e-19
1947,4.146464e-06
1948,1.0104018e-06
1949,3.5473705e-19
1950,5.0270806e-19
1951,3.116058e-10
1952,2.2110088e-16
1953,2.23179e-05
1954,0.05092834
1955,2.08265e-18
1956,2.6977268e-21
1957,7.5245155e-21
1958,2.93445e-13
1959,1.6946098e-06
1960,4.5993633e-21
1961,9.182564e-07
1962,4.847073e-11
1963,4.185941e-06
1964,3.2710515e-16
1965,1.09194886e-13
1966,2.068714e-18
1967,1.4734788e-16
1968,1.000262e-06
1969,3.6812837e-21
1970,4.4204653e-21
1971,8.0034514e-21
1972,1.9881144e-16
1973,1.4339245e-10
1974,2.6028488e-10
1975,2.0544883e-05
1976,3.207028e-06
1977,1.123287e-06
1978,2.3059718e-16
1979,2.788969e-07
1980,7.5638655e-11
1981,2.9548465e-22
1982,1.04751745e-11
1983,6.790802e-08
1984,8.612841e-06
1985,6.481307e-17
1986,2.2874301e-11
1987,1.1099463e-06
1988,6.7520727e-18
1989,2.8785994e-16
1990,9.471447e-07
1991,4.8809492e-05
1992,2.3776862e-21
1993,4.3503387e-21
1994,1.3016845e-05
1995,3.8863126e-21
1996,0.002578253
1997,8.1034e-18
1998,6.2048205e-12
1999,3.1197354e-16
2000,8.681284e-07
2001,4.715355e-13
2002,3.2104754e-07
2003,1.195268e-17
2004,2.0017649e-18
2005,2.3691946e-06
2006,3.1415829e-13
2007,2.1780089e-09
2008,3.1553775e-09
2009,1.579183e-18
2010,7.78858e-14
2011,1.7739785e-05
2012,2.0880514e-05
2013,8.5861683e-07
2014,5.1575123e-13
2015,2.1567612e-16
2016,7.537535e-27
2017,2.332131e-08
2018,3.8034254e-17
2019,2.9175118e-07
2020,2.4323231e-16
2021,0.04417749
2022,0.002253115
2023,1.0940757e-20
2024,6.1402305e-13
2025,1.23529376e-20
2026,3.5783965e-13
2027,3.7881528e-06
2028,4.7265734e-21
2029,7.21455e-17
2030,5.365363e-19
2031,2.597901e-16
2032,6.5786397e-21
2033,0.0030767957
2034,7.61947e-07
2035,0.002140523
2036,5.6483696e-06
2037,4.824346e-11
2038,0.01983633
2039,1.09426225e-07
2040,7.7934964e-11
2041,1.2598853e-10
2042,5.319768e-13
2043,9.408462e-19
2044,8.542521e-07
2045,0.002228501
2046,1.3991547e-16
2047,4.904937e-19
2048,8.288986e-18
2049,0.008438183
2050,8.517437e-17
2051,3.0236813e-09
2052,7.394739e-11
2053,7.39566e-21
2054,1.5289223e-10
2055,4.271262e-20
2056,3.0024184e-16
2057,6.5235955e-18
2058,3.2434178e-16
2059,9.540959e-06
2060,3.4439143e-11
2061,1.2902942e-05
2062,4.6840828e-08
2063,2.7864605e-16
2064,6.935911e-11
2065,8.234751e-17
2066,4.8206794e-21
2067,8.875771e-07
2068,9.7486153e-17
2069,1.2700023e-20
2070,2.0470124e-22
2071,0.0009263654
2072,1.12433306e-10
2073,5.6847744e-18
2074,2.9308083e-07
2075,2.4024445e-07
2076,5.819805e-11
2077,0.0021151388
2078,3.4530446e-18
2079,5.467538e-07
2080,8.1304265e-19
2081,4.8813758e-21
2082,0.0020393915
2083,0.05154864
2084,9.191796e-15
2085,2.8267154e-16
2086,9.273911e-19
2087,2.236935e-16
2088,4.7101587e-21
2089,2.7249042e-16
2090,1.2374321e-17
2091,6.500366e-19
2092,1.0353446e-05
2093,3.9883366e-13
2094,6.8016966e-06
2095,0.008899048
2096,1.5143413e-10
2097,3.2896064e-10
2098,6.6923263e-07
2099,0.00023045727
2100,4.0544564e-11
2101,5.3887265e-06
2102,2.5295516e-10
2103,4.310578e-13
2104,7.961288e-11
2105,2.6741862e-10
2106,2.3810596e-16
2107,4.4842073e-13
2108,4.0361856e-11
2109,3.1842462e-13
2110,7.100193e-21
2111,5.23855e-21
2112,1.0420459e-06
2113,2.0119995e-19
2114,1.9479957e-16
2115,6.5529923e-21
2116,1.4471952e-18
2117,1.4433618e-05
2118,9.836882e-07
2119,2.4676126e-16
2120,7.730959e-11
2121,2.604887e-16
2122,9.054835e-07
2123,2.5430447e-13
2124,8.850848e-19
2125,8.061159e-11
2126,0.00028816075
2127,1.0155644e-06
2128,3.915614e-13
2129,0.0002763162
2130,1.3418634e-16
2131,3.3260564e-20
2132,0.0018395467
2133,7.222529e-19
2134,3.6449164e-18
2135,2.6572369e-16
2136,1.2674385e-18
2137,1.3214768e-05
2138,0.0129526155
2139,5.975274e-19
2140,4.2969756e-17
2141,1.9690017e-11
2142,0.00020827056
2143,2.6447778e-16
2144,2.7021584e-19
2145,1.2248228e-07
2146,9.322717e-19
2147,7.7674986e-07
2148,2.8072308e-10
2149,1.381673e-16
2150,5.4688698e-11
2151,7.342683e-07
2152,3.0816962e-16
2153,9.176261e-07
2154,3.9467384e-17
2155,1.526109e-16
2156,1.3968279e-11
2157,7.0424527e-25
2158,0.00010780822
2159,4.3380273e-13
2160,2.9510032e-16
2161,2.0137743e-18
2162,6.442766e-13
2163,4.884291e-17
2164,2.044918e-17
2165,2.1691939e-10
2166,7.4841915e-07
2167,0.00041807053
2168,2.5058602e-16
2169,8.2977806e-07
2170,3.9251434e-19
2171,3.763706e-17
2172,2.9446646e-21
2173,7.0413764e-05
2174,6.1147744e-21
2175,0.013236011
2176,3.1585567e-09
2177,2.1492705e-16
2178,1.8664073e-16
2179,2.736571e-16
2180,6.840285e-21
2181,2.6803956e-10
2182,1.8730384e-18
2183,9.045203e-06
2184,1.5999954e-05
2185,0.00022899064
2186,3.2093504e-16
2187,0.043211892
2188,2.7332326e-16
2189,0.00021883361
2190,3.1543915e-16
2191,3.3321082e-16
2192,4.7953963e-06
2193,6.406257e-11
2194,7.2829826e-11
2195,0.0018212725
2196,0.0027188703
2197,0.00021186778
2198,7.068196e-21
2199,1.2022673e-20
2200,1.14155375e-20
2201,5.4111825e-07
2202,0.037282202
2203,5.3737414e-11
2204,6.565629e-13
2205,2.1857832e-16
2206,3.0126385e-10
2207,7.7937364e-07
2208,1.3026978e-10
2209,0.00026323003
2210,5.703636e-08
2211,1.0234004e-18
2212,2.4931975e-16
2213,8.9575406e-07
2214,7.9416003e-19
2215,2.9077357e-16
2216,3.3213464e-16
2217,1.0281416e-13
2218,6.7250215e-13
2219,6.4915147e-13
2220,6.888046e-21
2221,2.1364535e-16
2222,3.1863425e-09
2223,5.585761e-11
2224,2.1551391e-10
2225,0.002503962
2226,8.2102203e-10
2227,3.7435945e-21
2228,1.1147156e-06
2229,1.033921e-06
2230,3.088926e-06
2231,3.6304995e-10
2232,0.00023575922
2233,4.2389314e-11
2234,1.2249327e-20
2235,1.1591061e-20
2236,9.912369e-07
2237,1.2730647e-10
2238,1.9032313e-18
2239,5.081745e-06
2240,8.798102e-07
2241,3.3617284e-16
2242,5.4075895e-06
2243,4.0895266e-13
2244,4.7764744e-13
2245,3.6995068e-10
2246,8.280895e-18
2247,3.0900163e-10
2248,3.306581e-16
2249,1.161068e-06
2250,0.043193914
2251,5.6725496e-13
2252,6.348884e-13
2253,1.873369e-16
2254,7.77402e-07
2255,3.18807e-16
2256,1.326122e-19
2257,2.791209e-06
2258,3.3043616e-16
2259,1.4563722e-10
2260,1.173374e-19
2261,0.034130443
2262,3.3472167e-09
2263,4.0179006e-13
2264,6.792054e-13
2265,3.2568615e-21
2266,0.043753233
2267,1.6800577e-05
2268,5.2018747e-19
2269,6.06863e-19
2270,4.7616095e-21
2271,2.9935935e-21
2272,6.341719e-13
2273,0.00029550798
2274,3.3943404e-10
2275,1.6347169e-05
2276,1.5014107e-10
2277,3.7544415e-10
2278,9.570819e-07
2279,6.690179e-11
2280,5.662609e-06
2281,7.663818e-06
2282,1.0358431e-18
2283,2.0190247e-21
2284,2.654481e-16
2285,6.616519e-13
2286,1.1132663e-18
2287,1.3924339e-18
2288,0.0027644902
2289,9.945852e-07
2290,2.9636383e-16
2291,9.494994e-19
2292,0.014049081
2293,0.00028562685
2294,1.656461e-05
2295,1.0950081e-06
2296,1.2398933e-18
2297,0.0027559223
2298,7.914555e-21
2299,1.5128171e-10
2300,1.0584101e-20
2301,0.0019121469
2302,8.303479e-11
2303,4.9855577e-21
2304,4.3721665e-21
2305,3.3288556e-16
2306,6.69835e-11
2307,2.89784e-06
2308,1.571977e-10
2309,0.00025671453
2310,1.0905561e-06
2311,8.034452e-18
2312,2.0041968e-16
2313,6.386974e-13
2314,5.72247e-14
2315,6.2161746e-07
2316,1.3370576e-20
2317,5.7339085e-18
2318,6.830509e-13
2319,6.1342123e-21
2320,6.5786397e-21
2321,3.6684683e-06
2322,4.2272777e-06
2323,2.1861402e-10
2324,0.038817037
2325,2.813977e-16
2326,1.1204795e-06
2327,1.06229305e-20
2328,8.406966e-19
2329,3.4731014e-16
2330,1.1173506e-18
2331,3.031175e-10
2332,2.920542e-16
2333,6.6732985e-13
2334,1.1872425e-10
2335,1.1385541e-18
2336,2.2319942e-05
2337,0.041334175
2338,2.3264702e-16
2339,1.2364976e-10
2340,2.4786502e-09
2341,1.8103212e-18
2342,8.301137e-18
2343,4.1870873e-18
2344,0.0030435582
2345,1.1506621e-06
2346,4.416959e-21
2347,1.1568062e-10
2348,4.651307e-21
2349,2.2024035e-18
2350,1.2125444e-06
2351,1.0246571e-20
2352,2.1071996e-18
2353,0.035806846
2354,1.0814542e-18
2355,7.863496e-11
2356,6.4331396e-13
2357,1.9720685e-11
2358,1.0765193e-06
2359,0.002290659
2360,1.0517743e-06
2361,9.479938e-19
2362,5.1590866e-13
2363,2.5651092e-23
2364,6.7564686e-21
2365,6.040814e-14
2366,0.034933165
2367,9.1004057e-07
2368,7.180146e-07
2369,1.5348748e-13
2370,8.1703826e-07
2371,4.640559e-06
2372,0.050759524
2373,2.5197362e-05
2374,8.0160214e-07
2375,3.3252004e-16
2376,2.757727e-10
2377,7.910371e-18
2378,2.9486628e-16
2379,2.758371e-16
2380,6.2388038e-21
2381,0.00025588172
2382,0.056383274
2383,1.5668938e-18
2384,1.1956597e-06
2385,2.7895235e-16
2386,0.020425629
2387,0.049832083
2388,3.1943026e-16
2389,5.5944984e-13
2390,1.649792e-21
2391,2.0886191e-16
2392,0.002693913
2393,5.0305175e-06
2394,5.4793527e-06
2395,8.956582e-11
2396,1.1347951e-06
2397,1.8665305e-05
2398,3.5491263e-21
2399,0.00059381255
2400,1.6232829e-05
2401,0.0029782208
2402,1.14388735e-10
2403,3.3464106e-10
2404,7.711109e-18
2405,5.560397e-19
2406,2.7804753e-21
2407,1.3077599e-20
2408,2.169837e-05
2409,3.534692e-16
2410,8.437524e-18
2411,2.8006123e-16
2412,3.5342866e-09
2413,3.1359857e-09
2414,8.675985e-11
2415,6.5197066e-13
2416,6.6782985e-18
2417,5.422043e-13
2418,2.8322418e-16
2419,2.1564977e-16
2420,2.9152303e-10
2421,9.346647e-19
2422,4.551775e-06
2423,3.624632e-10
2424,6.682673e-13
2425,3.1499662e-16
2426,3.4355733e-16
2427,4.65516e-13
2428,9.963017e-07
2429,1.0744844e-06
2430,4.3095256e-13
2431,5.179838e-18
2432,2.1592352e-05
2433,2.4141312e-16
2434,9.768972e-07
2435,1.5848094e-05
2436,1.5940741e-23
2437,0.05539479
2438,1.8820023e-05
2439,1.8659254e-21
2440,4.016552e-13
2441,4.1635185e-06
2442,0.00028153035
2443,6.451136e-18
2444,0.0020303745
2445,5.628234e-13
2446,4.3911722e-13
2447,1.1875276e-18
2448,1.936746e-18
2449,1.5905647e-21
2450,1.0782976e-20
2451,5.541616e-05
2452,1.3001817e-16
2453,6.174486e-07
2454,0.046840094
2455,1.2024477e-10
2456,0.001454619
2457,1.5708014e-06
2458,7.8840424e-07
2459,1.0488783e-16
2460,2.4531961e-16
2461,1.2113111e-16
2462,7.0412145e-18
2463,3.814868e-21
2464,7.380876e-07
2465,5.997443e-13
2466,8.622668e-07
2467,9.1748065e-05
2468,7.8995934e-21
2469,1.1130331e-10
2470,7.8363075e-07
2471,1.0794099e-18
2472,2.7432605e-16
2473,3.5179418e-10
2474,0.0002124147
2475,4.40861e-21
2476,1.1095229e-06
2477,3.7373286e-22
2478,2.4951767e-16
2479,1.9540687e-16
2480,2.384004e-05
2481,5.3465477e-18
2482,2.2076804e-08
2483,1.2441109e-07
2484,0.00023378582
2485,3.0636922e-16
2486,1.3559508e-18
2487,6.112147e-11
2488,1.2606493e-18
2489,0.0017742595
2490,8.5216954e-05
2491,3.0173784e-24
2492,9.19731e-21
2493,4.5120554e-21
2494,1.462965e-10
2495,5.56195e-07
2496,7.614147e-12
2497,6.751894e-10
2498,1.7369358e-18
2499,1.2961408e-16
2500,2.0273265e-16
2501,2.335148e-16
2502,2.9836026e-16
2503,8.030589e-11
2504,3.2730486e-16
2505,0.00024469267
2506,3.223485e-16
2507,2.0065222e-16
2508,5.6869364e-13
2509,2.2637892e-05
2510,2.0241498e-05
2511,1.3077425e-16
2512,4.906337e-13
2513,6.5734484e-13
2514,5.582464e-17
2515,5.8170225e-14
2516,2.1822958e-13
2517,3.130768e-13
2518,3.0405926e-16
2519,8.9819025e-07
2520,6.682194e-19
2521,2.691379e-10
2522,7.476903e-21
2523,3.0850835e-16
2524,0.0049326653
2525,5.9336855e-11
2526,7.9721093e-07
2527,6.037596e-19
2528,4.3134447e-11
2529,1.5108331e-10
2530,2.5896878e-09
2531,6.76495e-22
2532,1.5495588e-13
2533,1.0908013e-18
2534,3.0914924e-16
2535,5.3080705e-21
2536,1.8641772e-06
2537,2.9319144e-10
2538,2.358496e-16
2539,0.00022402706
2540,1.9646848e-21
2541,3.4422898e-16
2542,5.847616e-13
2543,1.884148e-16
2544,3.5736683e-10
2545,6.486537e-21
2546,1.1084907e-10
2547,1.7771483e-05
2548,8.147814e-19
2549,0.032811016
2550,1.01615334e-10
2551,3.337479e-06
2552,5.161811e-07
2553,3.9781023e-07
2554,5.3979165e-21
2555,3.0494934e-06
2556,3.813613e-06
2557,3.6045917e-13
2558,1.9801626e-13
2559,0.05528371
2560,3.8807583e-13
2561,2.4895133e-21
2562,3.5769418e-10
2563,3.1627253e-11
2564,0.047123622
2565,5.959091e-11
2566,2.5311714e-19
2567,7.642076e-21
2568,0.0030151242
2569,4.1652343e-06
2570,1.425067e-05
2571,3.2836537e-16
2572,2.1831169e-16
2573,1.1417251e-10
2574,7.0349627e-17
2575,1.3934372e-05
2576,3.9405577e-06
2577,3.1272348e-13
2578,1.013459e-06
2579,5.0957215e-06
2580,8.683934e-07
2581,1.1029859e-18
2582,3.989416e-21
2583,2.7018842e-16
2584,5.9491366e-13
2585,5.9551854e-07
2586,2.0335363e-18
2587,1.466541e-10
2588,6.024508e-18
2589,8.577656e-07
2590,1.5874835e-16
2591,2.971064e-16
2592,2.6910418e-09
2593,6.755003e-20
2594,2.8582907e-16
2595,3.0901718e-16
2596,4.6495734e-19
2597,1.0189016e-06
2598,1.4748443e-10
2599,1.6640746e-16
2600,5.2542407e-21
2601,7.778289e-11
2602,4.841938e-06
2603,9.051037e-18
2604,0.0023172097
2605,5.5310086e-13
2606,2.9679828e-16
2607,6.770076e-07
2608,3.2284073e-16
2609,0.0017276026
2610,2.0377471e-16
2611,8.3877825e-07
2612,0.05171563
2613,3.3268246e-16
2614,0.0015241236
2615,3.723102e-13
2616,2.9302052e-09
2617,1.1863187e-06
2618,6.8329654e-11
2619,1.245321e-10
2620,3.4161974e-13
2621,7.230277e-11
2622,2.8956925e-16
2623,6.942688e-11
2624,3.2588955e-16
2625,2.8126033e-16
2626,6.410967e-21
2627,4.5178424e-21
2628,4.8868437e-06
2629,6.5421585e-19
2630,9.737125e-07
2631,0.0026675798
2632,8.5091806e-19
2633,3.8466438e-10
2634,0.030730842
2635,1.0399608e-18
2636,9.697444e-22
2637,1.1635718e-20
2638,0.0004998242
2639,8.2152265e-19
2640,7.105593e-11
2641,1.5479773e-18
2642,6.1228285e-13
2643,2.536713e-07
2644,4.67239e-06
2645,2.1916987e-05
2646,3.8684354e-11
2647,1.5693823e-18
2648,2.3585756e-17
2649,1.4138493e-10
2650,6.4825364e-19
2651,3.886774e-20
2652,7.892588e-07
2653,7.342091e-19
2654,8.0190984e-21
2655,3.7126415e-07
2656,6.6985277e-19
2657,3.013384e-11
2658,2.6186953e-09
2659,3.161202e-13
2660,1.9689268e-18
2661,1.092104e-19
2662,1.392057e-10
2663,8.0386477e-19
2664,6.071288e-13
2665,7.476428e-11
2666,5.895216e-19
2667,3.1624188e-06
2668,1.8321616e-05
2669,7.319971e-11
2670,0.0026986315
2671,3.1572158e-19
2672,3.00529e-19
2673,5.5862867e-21
2674,5.945321e-22
2675,1.05447676e-20
2676,2.4379066e-08
2677,2.188854e-16
2678,1.841298e-05
2679,1.1875866e-06
2680,0.0013484771
2681,5.365584e-13
2682,1.9290774e-18
2683,8.897972e-19
2684,0.00020504383
2685,5.8715546e-21
2686,0.0002911654
2687,3.0960245e-16
2688,8.584821e-19
2689,7.2145207e-07
2690,0.0001749956
2691,2.8365667e-16
2692,1.04255965e-16
2693,3.2802723e-09
2694,1.3527269e-18
2695,3.2230167e-09
2696,0.055284113
2697,5.2321593e-21
2698,1.8341037e-15
2699,2.0819593e-10
2700,6.990973e-12
2701,5.77064e-11
2702,1.5540147e-05
2703,9.213542e-19
2704,2.1379257e-05
2705,1.1786505e-10
2706,5.6709916e-13
2707,1.2197446e-10
2708,1.5631683e-18
2709,6.440561e-11
2710,4.226284e-21
2711,2.3148555e-16
2712,6.52408e-22
2713,9.6033366e-17
2714,1.4143813e-13
2715,1.8177515e-20
2716,1.287162e-18
2717,0.0006701982
2718,8.3713515e-18
2719,0.0023172274
2720,3.388254e-21
2721,1.4861235e-16
2722,3.3891286e-16
2723,1.0748779e-06
2724,3.6969823e-07
2725,8.3516754e-17
2726,3.1152624e-07
2727,1.7821462e-18
2728,1.231226e-10
2729,1.4071344e-10
2730,8.278053e-07
2731,1.0161249e-20
2732,8.7086147e-07
2733,9.450475e-19
2734,1.0056228e-16
2735,0.002366296
2736,1.1753461e-10
2737,3.227193e-13
2738,1.3341867e-16
2739,2.607273e-16
2740,2.0322822e-16
2741,2.5140791e-06
2742,9.3120934e-07
2743,3.3471228e-19
2744,1.637253e-21
2745,1.8536538e-06
2746,1.1909619e-06
2747,0.00017300734
2748,1.3073522e-18
2749,3.313182e-10
2750,2.8736272e-10
2751,1.0333318e-13
2752,3.2393296e-13
2753,1.4661917e-21
2754,8.106862e-18
2755,7.824419e-18
2756,1.8798793e-13
2757,2.5679837e-11
2758,8.1289727e-07
2759,0.00023666008
2760,4.737857e-13
2761,3.2486662e-07
2762,1.9597695e-11
2763,5.683579e-19
2764,2.845093e-10
2765,3.0574648e-19
2766,2.2569056e-09
2767,3.864449e-13
2768,3.1875202e-10
2769,9.826081e-07
2770,2.9793876e-13
2771,5.276916e-22
2772,0.0017512894
2773,1.4583714e-05
2774,5.3225284e-13
2775,2.8062588e-16
2776,3.503118e-07
2777,3.0608886e-16
2778,0.049153216
2779,6.3054132e-21
2780,1.0316645e-23
2781,4.1649127e-18
2782,9.429917e-07
2783,1.1538973e-06
2784,6.7527857e-13
2785,2.0433272e-05
2786,7.055678e-11
2787,9.3815504e-07
2788,1.1452913e-21
2789,2.7690346e-20
2790,8.9203906e-14
2791,2.735903e-16
2792,0.0002768837
2793,2.8546883e-13
2794,2.8182742e-16
2795,9.175382e-19
2796,3.367273e-16
2797,1.5862413e-10
2798,5.2573265e-14
2799,0.00025441436
2800,9.059634e-19
2801,0.0022917925
2802,3.6965699e-19
2803,5.3334284e-06
2804,9.840144e-19
2805,5.628238e-06
2806,1.578342e-05
2807,1.8366121e-05
2808,3.0627146e-21
2809,1.07140924e-20
2810,1.2551894e-07
2811,6.607929e-17
2812,4.8753923e-10
2813,0.0047639436
2814,9.851902e-11
2815,2.348991e-13
2816,4.445452e-06
2817,6.3804763e-19
2818,1.109252e-06
2819,6.761859e-13
2820,8.7046266e-11
2821,0.00022928603
2822,4.07235e-06
2823,4.3792617e-13
2824,9.173203e-21
2825,1.0672322e-20
2826,3.3722092e-16
2827,4.8698703e-18
2828,5.7976043e-18
2829,6.0245927e-13
2830,1.1026538e-06
2831,0.04840153
2832,5.9846453e-13
2833,6.5096744e-18
2834,2.5009972e-10
2835,4.8989857e-21
2836,2.254342e-16
2837,4.0975897e-18
2838,0.00027803707
2839,6.341139e-13
2840,9.896221e-05
2841,7.0204544e-11
2842,3.1636021e-21
2843,1.2951128e-16
2844,1.0605575e-06
2845,1.10906596e-10
2846,3.1290797e-16
2847,8.1548115e-11
2848,4.2910043e-21
2849,3.9624795e-21
2850,3.1407849e-10
2851,2.5484307e-16
2852,4.8824383e-13
2853,6.3498273e-21
2854,9.7308855e-11
2855,1.117889e-16
2856,1.8206264e-18
2857,1.7394818e-18
2858,9.351965e-07
2859,0.000547781
2860,5.0062594e-19
2861,0.0024425467
2862,3.5659337e-10
2863,6.666081e-18
2864,6.5671407e-18
2865,1.8114339e-10
2866,2.9542785e-10
2867,6.9811455e-07
2868,2.9719707e-16
2869,1.3277627e-05
2870,5.0778625e-13
2871,6.6524706e-09
2872,6.2250687e-19
2873,0.00021572119
2874,2.5477054e-13
2875,1.7562308e-18
2876,7.111615e-18
2877,2.6309317e-16
2878,3.1159295e-16
2879,3.6198788e-10
2880,6.283924e-13
2881,7.5270664e-22
2882,8.759487e-19
2883,1.00501996e-10
2884,2.8667855e-09
2885,5.7549878e-11
2886,2.4973096e-16
2887,0.0024951547
2888,1.7350285e-18
2889,0.0020578904
2890,8.24587e-19
2891,4.949412e-17
2892,2.8843138e-07
2893,8.1799874e-07
2894,3.3365384e-21
2895,5.9674183e-18
2896,6.4802056e-21
2897,5.3645654e-11
2898,2.9360915e-16
2899,4.180617e-21
2900,3.8655106e-13
2901,1.165559e-10
2902,5.982247e-21
2903,2.8223006e-14
2904,2.223595e-16
2905,2.3023472e-11
2906,2.0763913e-05
2907,1.7611684e-18
2908,0.00020388971
2909,1.877044e-18
2910,1.5665655e-10
2911,9.617224e-07
2912,1.6441626e-21
2913,9.5080827e-07
2914,4.836594e-21
2915,6.3166096e-13
2916,5.379487e-07
2917,3.8034432e-06
2918,7.927288e-18
2919,3.142062e-13
2920,8.761568e-17
2921,2.2851106e-18
2922,3.544291e-05
2923,0.00019768729
2924,0.00015501695
2925,8.1576763e-07
2926,6.3092214e-19
2927,0.041183583
2928,0.053304452
2929,5.0142433e-21
2930,3.72991e-21
2931,4.746231e-21
2932,5.899382e-07
2933,6.891364e-19
2934,4.4633006e-21
2935,1.2940942e-18
2936,2.1202208e-05
2937,1.2812493e-06
2938,5.4602346e-13
2939,5.704496e-06
2940,5.744326e-06
2941,2.6645254e-23
2942,1.3716045e-06
2943,1.4087226e-05
2944,2.2870173e-21
2945,4.6399208e-07
2946,1.7226358e-19
2947,2.157156e-16
2948,1.6172137e-16
2949,0.0018112996
2950,7.2558095e-07
2951,0.00020641852
2952,6.277128e-18
2953,2.472688e-19
2954,2.5015813e-16
2955,0.0029051185
2956,2.897991e-16
2957,0.001436711
2958,1.8535789e-16
2959,0.0019945048
2960,2.6986904e-09
2961,5.4372513e-11
2962,1.9243737e-18
2963,3.717425e-13
2964,7.9014706e-19
2965,9.863635e-11
2966,3.2680583e-16
2967,0.0553473
2968,6.6774833e-18
2969,4.726671e-18
2970,2.2136875e-13
2971,1.1490883e-16
2972,9.138135e-05
2973,3.601728e-08
2974,2.013241e-21
2975,4.5781744e-06
2976,8.5638877e-19
2977,3.2920167e-10
2978,5.4275063e-13
2979,0.0025780764
2980,2.0679e-06
2981,4.48679e-21
2982,1.7273151e-18
2983,1.0956722e-18
2984,1.1788123e-06
2985,8.5894436e-07
2986,1.6008297e-06
2987,4.8041848e-06
2988,0.009347577
2989,2.5199704e-16
2990,1.0934053e-06
2991,2.8967532e-16
2992,6.882583e-21
2993,0.01840722
2994,3.4203362e-10
2995,6.6484723e-21
2996,5.444017e-06
2997,4.6977506e-17
2998,1.3632588e-10
2999,3.433477e-16
3000,3.2159854e-13
3001,4.5279365e-13
3002,4.137801e-18
3003,8.494039e-07
3004,1.9196685e-16
3005,1.0019534e-18
3006,1.897168e-05
3007,1.60366e-18
3008,1.7863375e-05
3009,2.2920116e-05
3010,7.1180346e-14
3011,6.43471e-13
3012,2.3082612e-05
3013,9.612196e-19
3014,1.2527489e-18
3015,9.774896e-19
3016,4.6629613e-21
3017,5.3050207e-06
3018,6.49565e-21
3019,4.3535442e-13
3020,7.791239e-07
3021,2.2605791e-05
3022,2.1208766e-18
3023,8.0903305e-19
3024,5.4105623e-18
3025,2.8529843e-17
3026,2.7161326e-10
3027,4.6712222e-21
3028,2.933763e-16
3029,5.462068e-13
3030,3.162488e-16
3031,1.9206187e-18
3032,9.643087e-07
3033,2.0273399e-18
3034,1.116737e-18
3035,7.774806e-14
3036,8.362953e-19
3037,2.3430003e-16
3038,0.002433788
3039,2.3842216e-07
3040,5.2997623e-18
3041,2.9294997e-10
3042,3.445892e-06
3043,8.38855e-07
3044,7.3110414e-11
3045,5.3805936e-18
3046,0.0028413178
3047,7.697294e-11
3048,5.1524744e-22
3049,0.00025094717
3050,8.724573e-11
3051,2.2350243e-16
3052,5.5239284e-06
3053,8.6068916e-11
3054,2.0466105e-18
3055,5.145093e-13
3056,9.4999615e-07
3057,3.268856e-16
3058,2.9402475e-10
3059,3.152659e-16
3060,7.6584186e-21
3061,6.4439203e-21
3062,1.1252083e-06
3063,1.0466832e-06
3064,4.324131e-21
3065,6.1355074e-11
3066,1.103226e-10
3067,6.39497e-13
3068,9.184384e-11
3069,4.706665e-06
3070,0.058201358
3071,2.095528e-18
3072,0.0002882179
3073,0.00028470028
3074,4.268948e-13
3075,6.4180404e-06
3076,1.1041691e-06
3077,3.0856486e-16
3078,2.9877348e-10
3079,0.054139275
3080,3.1828205e-16
3081,6.884501e-13
3082,1.0372419e-20
3083,0.0024970733
3084,4.599382e-13
3085,5.1023344e-06
3086,2.7013895e-16
3087,3.6254064e-10
3088,0.0023348436
3089,5.335382e-06
3090,2.0759955e-10
3091,8.2232866e-11
3092,1.7353463e-18
3093,6.5442253e-13
3094,2.4786318e-16
3095,4.2167677e-13
3096,2.6100786e-09
3097,1.6996017e-18
3098,8.726173e-07
3099,1.1633588e-20
3100,4.4532033e-19
3101,5.604387e-21
3102,4.7387057e-21
3103,6.730565e-13
3104,3.302547e-16
3105,1.2874064e-20
3106,9.7899594e-14
3107,2.4675127e-13
3108,1.762985e-16
3109,0.0020234452
3110,1.3217637e-11
3111,3.1812668e-16
3112,6.38755e-08
3113,2.851321e-16
3114,0.002883475
3115,3.2374843e-16
3116,3.1727348e-16
3117,1.0045867e-18
3118,3.0182198e-16
3119,3.3805914e-10
3120,3.2621145e-10
3121,7.1399404e-07
3122,4.1131822e-13
3123,1.3512258e-05
3124,8.7044473e-14
3125,2.1459002e-05
3126,9.4965756e-14
3127,6.887864e-13
3128,2.8883096e-10
3129,8.1286625e-18
3130,2.8754577e-18
3131,5.9674183e-18
3132,0.0024702896
3133,1.1006533e-06
3134,4.2552735e-21
3135,3.2814498e-16
3136,1.0800403e-06
3137,7.600195e-07
3138,8.219776e-07
3139,0.0030403188
3140,2.6974352e-16
3141,5.565809e-06
3142,0.0027001102
3143,1.6731497e-18
3144,0.0025932465
3145,0.0024641121
3146,1.568303e-13
3147,1.4935801e-16
3148,2.5125986e-16
3149,1.5445798e-18
3150,7.0547887e-19
3151,7.608258e-18
3152,0.00042129346
3153,4.502033e-13
3154,3.3203332e-16
3155,4.4582552e-07
3156,7.61502e-19
3157,2.3379298e-05
3158,8.1777415e-07
3159,2.9643617e-16
3160,3.5294478e-10
3161,1.9820025e-17
3162,0.0002603944
3163,1.4048024e-16
3164,1.9310676e-16
3165,3.1806844e-16
3166,0.057796404
3167,1.0433347e-06
3168,0.00012368095
3169,1.2690693e-10
3170,0.0026657737
3171,4.4837786e-21
3172,1.0309235e-18
3173,1.9536046e-18
3174,7.96688e-07
3175,1.2329177e-06
3176,5.598233e-21
3177,7.001031e-13
3178,6.352524e-11
3179,8.113604e-11
3180,1.2757514e-20
3181,6.9023094e-19
3182,1.0941396e-06
3183,5.1674167e-21
3184,1.935197e-16
3185,5.2778122e-18
3186,1.9805526e-05
3187,2.836913e-16
3188,7.910854e-18
3189,6.0266153e-13
3190,7.624818e-11
3191,1.3830224e-07
3192,5.4181614e-06
3193,3.436752e-09
3194,0.05681693
3195,9.91611e-19
3196,1.0762521e-18
3197,1.0818217e-06
3198,8.696168e-06
3199,0.0015051207
3200,1.340226e-07
3201,1.6630264e-10
3202,3.2154284e-16
3203,4.692941e-21
3204,3.2263174e-06
3205,1.266941e-10
3206,0.0019494755
3207,7.9336417e-07
3208,3.7743159e-10
3209,4.4660253e-21
3210,1.7891211e-18
3211,3.5791253e-10
3212,1.2133216e-06
3213,2.3546124e-16
3214,0.055771653
3215,1.0197284e-20
3216,5.940791e-13
3217,7.770697e-11
3218,1.0491991e-07
3219,3.393543e-22
3220,8.555063e-21
3221,5.50063e-06
3222,3.6773202e-09
3223,1.1550807e-20
3224,1.7965146e-10
3225,7.8380667e-19
3226,4.7453627e-21
3227,6.476828e-11
3228,3.235114e-16
3229,4.0527515e-13
3230,1.1664949e-22
3231,2.341893e-05
3232,1.1194058e-20
3233,1.7623504e-05
3234,4.4880408e-13
3235,3.417519e-10
3236,1.154408e-06
3237,2.779157e-16
3238,5.8311984e-21
3239,9.634557e-07
3240,7.2523226e-18
3241,4.648753e-21
3242,8.3552084e-07
3243,0.00045589352
3244,2.5623117e-16
3245,0.00027003032
3246,7.358046e-11
3247,9.097252e-17
3248,3.3029176e-13
3249,4.8203853e-21
3250,2.9719707e-16
3251,3.7339782e-06
3252,7.2053096e-17
3253,4.762618e-07
3254,8.495169e-19
3255,2.6040491e-11
3256,4.079787e-21
3257,4.4060724e-13
3258,3.520003e-21
3259,1.0968811e-06
3260,1.6531415e-16
3261,8.297908e-07
3262,9.231555e-19
3263,1.4828311e-19
3264,2.976509e-16
3265,6.148502e-14
3266,3.1986607e-13
3267,3.972373e-06
3268,7.863923e-09
3269,3.3274337e-16
3270,9.905867e-07
3271,2.293796e-05
3272,6.9824216e-11
3273,5.7930487e-11
3274,3.1841805e-16
3275,1.3821791e-16
3276,2.7380748e-16
3277,0.0002289243
3278,6.825844e-05
3279,1.3584828e-10
3280,9.683783e-07
3281,1.7515198e-05
3282,0.00026747413
3283,6.736842e-18
3284,4.0532294e-21
3285,1.2453971e-10
3286,6.577483e-14
3287,4.82523e-11
3288,3.303555e-16
3289,0.0028893158
3290,0.0020938294
3291,4.4528515e-06
3292,0.0029149696
3293,3.056387e-05
3294,6.793298e-13
3295,3.141902e-16
3296,3.327793e-21
3297,6.6308264e-11
3298,2.5731254e-16
3299,6.9719876e-11
3300,2.5043578e-10
3301,6.866309e-07
3302,2.7354313e-10
3303,5.840305e-13
3304,2.3305918e-16
3305,1.0286964e-06
3306,8.2137225e-19
3307,3.648625e-21
3308,4.1343247e-13
3309,7.655364e-07
3310,6.869181e-13
3311,1.7374545e-16
3312,5.7096933e-21
3313,3.330517e-10
3314,5.929537e-21
3315,8.498836e-07
3316,9.6646175e-21
3317,9.78146e-19
3318,3.6290805e-21
3319,1.3068585e-06
3320,3.7402703e-20
3321,1.7955466e-05
3322,6.0603866e-14
3323,5.771168e-11
3324,1.2942179e-10
3325,7.044752e-13
3326,2.6856074e-16
3327,9.811195e-14
3328,3.2457487e-21
3329,1.0053841e-18
3330,7.9343325e-19
3331,2.533542e-16
3332,2.6820036e-16
3333,1.8491842e-18
3334,3.444052e-06
3335,0.00024387284
3336,0.0028395457
3337,0.00018304288
3338,6.8733474e-21
3339,1.1197617e-06
3340,2.4831745e-16
3341,3.3804994e-11
3342,0.044443067
3343,1.8586893e-18
3344,0.05102892
3345,0.00027370887
3346,7.519464e-21
3347,2.4379973e-10
3348,1.4768259e-10
3349,5.3861786e-06
3350,2.5588733e-16
3351,1.0810296e-06
3352,1.978747e-09
3353,8.5387416e-07
3354,3.370496e-10
3355,1.1839013e-16
3356,2.1341214e-18
3357,0.0015359538
3358,1.5589439e-21
3359,6.206505e-11
3360,9.943383e-19
3361,1.2776573e-10
3362,9.42862e-11
3363,1.1602309e-18
3364,3.157666e-16
3365,0.0002483442
3366,7.537385e-21
3367,4.6509926e-19
3368,2.834123e-23
3369,0.0021110363
3370,6.075366e-13
3371,6.578374e-18
3372,1.0258435e-06
3373,2.1486149e-16
3374,9.082787e-07
3375,3.6891714e-13
3376,0.03339512
3377,1.9555135e-18
3378,5.6411072e-21
3379,6.694101e-06
3380,3.9346096e-06
3381,2.1790045e-18
3382,1.9775984e-18
3383,1.1149027e-06
3384,1.8147343e-16
3385,6.206142e-21
3386,5.7206248e-18
3387,6.3711785e-21
3388,2.001032e-18
3389,5.108794e-13
3390,5.6940563e-13
3391,5.0478952e-06
3392,1.0586981e-06
3393,5.9785815e-11
3394,2.310305e-05
3395,1.1251053e-06
3396,1.2065474e-05
3397,2.8838276e-11
3398,4.8948215e-13
3399,0.053948157
3400,8.536286e-21
3401,6.518422e-18
3402,3.2856583e-16
3403,1.2827363e-10
3404,8.956037e-07
3405,0.00017094775
3406,3.2511475e-16
3407,3.150543e-16
3408,0.00013545658
3409,2.7500793e-10
3410,4.63176e-21
3411,0.0023938129
3412,0.00013876363
3413,1.0918382e-06
3414,1.2060731e-16
3415,6.742873e-21
3416,2.708654e-16
3417,9.591871e-07
3418,2.312314e-16
3419,8.523771e-07
3420,8.924622e-19
3421,2.6972705e-16
3422,4.9381897e-06
3423,1.6564855e-18
3424,8.099938e-18
3425,6.515089e-11
3426,0.0020678008
3427,2.0022537e-18
3428,5.859371e-07
3429,8.12249e-19
3430,5.847438e-13
3431,9.448231e-21
3432,1.0603428e-18
3433,0.00022363779
3434,3.362277e-10
3435,1.5064682e-21
3436,7.433172e-19
3437,8.3410334e-19
3438,8.112086e-19
3439,7.438821e-18
3440,6.947156e-21
3441,3.2015587e-10
3442,2.9970496e-10
3443,0.00030168184
3444,1.19385815e-20
3445,1.8334504e-18
3446,8.357057e-18
3447,2.0473601e-18
3448,1.0543341e-16
3449,3.28263e-14
3450,2.836796e-22
3451,1.4762825e-05
3452,1.4817553e-21
3453,1.3400361e-10
3454,0.0027964967
3455,2.4835385e-06
3456,0.038673118
3457,0.0025931478
3458,2.5176646e-16
3459,2.9175443e-10
3460,9.3695556e-21
3461,1.2508057e-10
3462,5.3716455e-13
3463,7.790526e-07
3464,1.1828626e-09
3465,2.8766674e-16
3466,1.0663857e-20
3467,3.21216e-13
3468,9.959368e-07
3469,1.5997454e-08
3470,8.338997e-19
3471,0.0026905125
3472,1.3620798e-16
3473,3.9170482e-13
3474,0.00027158152
3475,6.1681287e-18
3476,6.357824e-14
3477,1.3668268e-16
3478,4.080872e-06
3479,0.00015545273
3480,5.0840647e-13
3481,3.3614567e-10
3482,1.792891e-05
3483,2.2700822e-16
3484,4.9237367e-13
3485,3.1176398e-07
3486,5.293476e-19
3487,4.596856e-13
3488,5.327566e-13
3489,7.011814e-17
3490,2.8084978e-08
3491,1.3373576e-14
3492,6.4684846e-18
3493,0.0016430543
3494,2.9506233e-14
3495,1.1694812e-20
3496,9.709677e-07
3497,5.3614914e-13
3498,0.0011676841
3499,7.7816135e-11
3500,5.2100395e-06
3501,1.8346818e-18
3502,3.4183537e-10
3503,7.880975e-18
3504,1.6840846e-13
3505,6.5957537e-13
3506,6.0805194e-11
3507,3.2875919e-06
3508,1.2111205e-06
3509,3.020984e-16
3510,0.0026868915
3511,1.9001229e-05
3512,6.755259e-13
3513,0.00025555014
3514,5.3621244e-21
3515,1.6546556e-16
3516,7.559711e-11
3517,8.301705e-11
3518,5.5655496e-13
3519,7.4025314e-07
3520,9.590701e-07
3521,0.002686053
3522,6.340129e-11
3523,3.033919e-16
3524,1.796891e-18
3525,8.638434e-19
3526,3.0958763e-20
3527,5.5735893e-07
3528,0.001544119
3529,1.0387692e-22
3530,4.2033607e-19
3531,2.8702516e-05
3532,1.4195176e-11
3533,2.960926e-16
3534,3.4433773e-10
3535,2.9901655e-16
3536,1.3848058e-18
3537,1.847492e-18
3538,4.1017224e-06
3539,4.24612e-07
3540,1.4797583e-10
3541,2.1082146e-16
3542,3.5794444e-06
3543,4.7124585e-21
3544,3.267659e-16
3545,6.7698666e-11
3546,8.783578e-19
3547,1.4963272e-18
3548,3.0145376e-16
3549,0.0025015813
3550,2.3963936e-10
3551,1.7821462e-18
3552,2.514593e-16
3553,4.1450357e-11
3554,3.4217616e-16
3555,3.1392185e-16
3556,2.2706365e-16
3557,8.92684e-07
3558,2.8424145e-07
3559,3.21847e-07
3560,1.8405017e-16
3561,0.0013647355
3562,7.251269e-11
3563,6.6213663e-13
3564,1.9169258e-05
3565,6.015526e-19
3566,1.0540075e-06
3567,5.886267e-21
3568,1.0449874e-18
3569,1.0686147e-06
3570,9.3922927e-07
3571,8.262276e-11
3572,8.5586055e-17
3573,3.1422646e-06
3574,7.305436e-19
3575,3.139793e-16
3576,1.0107565e-06
3577,2.7818722e-16
3578,0.016412444
3579,2.5071106e-10
3580,2.0615295e-18
3581,4.9300516e-13
3582,7.783038e-11
3583,3.298518e-16
3584,6.839224e-11
3585,7.0064894e-18
3586,2.843261e-09
3587,8.997364e-19
3588,1.713664e-05
3589,1.9090485e-18
3590,1.0077996e-06
3591,6.4211063e-19
3592,6.4794148e-21
3593,6.064251e-13
3594,3.121769e-10
3595,6.536441e-13
3596,6.449258e-13
3597,1.0637134e-18
3598,7.5529107e-07
3599,2.4344285e-10
3600,1.2005807e-20
3601,9.416504e-19
3602,0.00010018899
3603,5.141326e-13
3604,5.511799e-13
3605,7.217437e-18
3606,2.6061594e-16
3607,5.6955405e-18
3608,4.3791103e-21
3609,3.227063e-10
3610,0.00024408313
3611,5.7210935e-05
3612,5.314865e-11
3613,1.3455262e-19
3614,8.729065e-19
3615,5.0995327e-06
3616,1.2544761e-05
3617,0.0020615286
3618,1.0977474e-18
3619,2.9910782e-16
3620,1.6839638e-19
3621,1.866609e-21
3622,1.11381735e-20
3623,1.251531e-06
3624,6.2929436e-13
3625,5.0792235e-11
3626,1.205713e-18
3627,7.747964e-11
3628,3.0435633e-16
3629,9.57398e-14
3630,3.1522744e-16
3631,4.006986e-21
3632,5.336359e-06
3633,8.215763e-07
3634,2.278967e-16
3635,3.3164188e-10
3636,6.250263e-13
3637,4.2612683e-13
3638,5.1468205e-13
3639,1.9124306e-18
3640,3.4087697e-10
3641,2.4215826e-05
3642,2.887574e-16
3643,4.7525998e-07
3644,1.0518811e-13
3645,1.0742833e-18
3646,4.6512953e-11
3647,8.0309974e-08
3648,0.0020524608
3649,2.182465e-18
3650,5.313365e-06
3651,3.1013942e-06
3652,0.05237301
3653,2.147435e-16
3654,7.624529e-18
3655,1.451087e-18
3656,5.8570004e-18
3657,2.2367985e-16
3658,2.9368276e-18
3659,9.166365e-17
3660,1.1952584e-06
3661,2.1750744e-05
3662,2.32094e-05
3663,3.5777056e-10
3664,3.0830335e-18
3665,7.5755656e-17
3666,1.1538675e-16
3667,2.0909287e-18
3668,0.001946835
3669,5.356591e-06
3670,3.1367284e-16
3671,0.0025757428
3672,2.3407854e-05
3673,1.8748561e-16
3674,2.7769525e-16
3675,2.7730572e-16
3676,2.0750232e-16
3677,2.6161633e-21
3678,5.175487e-13
3679,9.735663e-21
3680,2.9971088e-16
3681,5.9042815e-13
3682,1.9876064e-05
3683,4.2325976e-11
3684,3.0943573e-10
3685,1.4177812e-10
3686,4.4394103e-13
3687,8.682476e-07
3688,5.011939e-07
3689,1.9717996e-07
3690,3.172154e-16
3691,5.150598e-06
3692,2.8382984e-16
3693,3.5140904e-11
3694,7.7008207e-07
3695,4.6643846e-21
3696,2.968253e-07
3697,9.45715e-07
3698,1.1319099e-20
3699,1.1798051e-20
3700,4.0987555e-21
3701,1.2605005e-10
3702,7.121459e-21
3703,5.7928868e-21
3704,2.554348e-16
3705,2.768998e-16
3706,1.7831784e-05
3707,6.306843e-07
3708,4.2814822e-06
3709,9.0947145e-07
3710,9.834631e-07
3711,4.048867e-06
3712,1.4368098e-18
3713,3.0182198e-16
3714,0.052007128
3715,8.247414e-11
3716,0.00028977852
3717,5.114077e-21
3718,2.0528521e-16
3719,0.0027536168
3720,4.2555507e-13
3721,1.6419902e-18
3722,8.300741e-22
3723,5.1780207e-06
3724,7.9425696e-19
3725,1.2723847e-06
3726,9.91194e-21
3727,5.8146955e-13
3728,2.0207923e-18
3729,2.6105564e-09
3730,5.568268e-13
3731,3.004802e-16
3732,7.652502e-18
3733,3.0577143e-16
3734,2.0718594e-16
3735,3.1723475e-16
3736,2.0373876e-18
3737,1.3140775e-10
3738,1.0606869e-06
3739,8.5891816e-07
3740,3.2852573e-16
3741,1.048733e-11
3742,3.181096e-09
3743,4.8869106e-13
3744,0.03852377
3745,7.1871585e-11
3746,0.05242074
3747,4.4970898e-13
3748,2.928217e-16
3749,3.705948e-10
3750,3.0625702e-16
3751,5.7889985e-21
3752,5.0333952e-11
3753,3.3365853e-16
3754,7.089367e-21
3755,6.716569e-11
3756,2.0065907e-05
3757,1.4278925e-18
3758,2.4485086e-19
3759,2.8426328e-16
3760,1.7566595e-18
3761,0.05293816
3762,9.4592635e-14
3763,9.702971e-19
3764,5.1070453e-11
3765,2.8196806e-10
3766,1.218743e-20
3767,2.3590717e-16
3768,1.8707504e-05
3769,0.0025021716
3770,7.3289146e-07
3771,1.2952057e-10
3772,0.0027457087
3773,8.265385e-14
3774,3.3940298e-10
3775,1.13273935e-20
3776,3.2776464e-16
3777,0.023871351
3778,1.4611802e-10
3779,3.4088372e-16
3780,7.307919e-11
3781,5.7911615e-14
3782,4.4612166e-06
3783,1.0174101e-06
3784,7.402642e-11
3785,4.397341e-13
3786,4.7058483e-21
3787,4.4357625e-06
3788,1.903696e-18
3789,5.1084615e-21
3790,8.3174757e-22
3791,1.0328828e-20
3792,4.150199e-06
3793,2.9461148e-13
3794,2.2123622e-05
3795,6.34208e-21
3796,2.3543613e-05
3797,5.611232e-21
3798,4.4969606e-06
3799,1.4030979e-18
3800,8.750641e-18
3801,2.837779e-16
3802,9.300592e-07
3803,6.460092e-13
3804,2.0210256e-16
3805,9.496773e-07
3806,1.2776183e-10
3807,2.9373461e-16
3808,3.3146305e-13
3809,3.094324e-16
3810,1.304229e-06
3811,2.9591194e-16
3812,6.2981055e-21
3813,1.9798274e-05
3814,1.189001e-06
3815,1.0047093e-18
3816,9.82533e-07
3817,2.8849315e-16
3818,1.0710633e-06
3819,2.0538073e-09
3820,6.901746e-22
3821,2.861638e-10
3822,1.0498824e-06
3823,1.3902258e-18
3824,2.1629285e-05
3825,3.166544e-16
3826,7.775916e-11
3827,2.219124e-05
3828,3.069869e-16
3829,6.7630526e-11
3830,2.9425815e-10
3831,2.7182796e-09
3832,3.0603282e-16
3833,1.5799607e-10
3834,1.3370576e-20
3835,2.0457293e-05
3836,6.5460224e-13
3837,1.266519e-20
3838,2.047485e-18
3839,1.298768e-10
3840,5.0761246e-11
3841,1.4574779e-18
3842,5.34924e-06
3843,3.380385e-10
3844,0.054036617
3845,1.4557945e-10
3846,0.00017247237
3847,4.1557025e-13
3848,1.1768565e-20
3849,0.043802097
3850,1.3021845e-20
3851,7.21353e-07
3852,6.165326e-19
3853,0.0570535
3854,8.4141525e-19
3855,7.9455116e-11
3856,4.2788697e-06
3857,7.450936e-21
3858,6.2148854e-13
3859,0.04916427
3860,6.238067e-13
3861,5.5481925e-19
3862,7.973387e-18
3863,3.3910928e-07
3864,6.703363e-07
3865,9.1856464e-07
3866,2.8433268e-16
3867,8.892241e-18
3868,5.692643e-21
3869,4.3083138e-11
3870,7.0122887e-19
3871,3.8489128e-13
3872,1.0403777e-10
3873,3.5902719e-09
3874,6.6351216e-13
3875,2.9386013e-16
3876,0.054895107
3877,1.8529767e-10
3878,4.579135e-17
3879,1.3606762e-18
3880,3.8523895e-06
3881,0.00025607698
3882,1.10961045e-20
3883,7.3913005e-18
3884,2.1221627e-05
3885,6.086646e-11
3886,4.928246e-13
3887,9.010004e-19
3888,1.8683448e-16
3889,7.853902e-11
3890,9.4135265e-07
3891,2.8955157e-16
3892,8.763765e-19
3893,9.5192604e-07
3894,7.2261044e-21
3895,0.0003046554
3896,7.70364e-11
3897,6.2178953e-21
3898,3.4448373e-09
3899,1.6361142e-05
3900,7.058665e-19
3901,2.5159748e-16
3902,6.8033686e-18
3903,4.1801067e-21
3904,1.183251e-16
3905,5.66451e-06
3906,1.9944724e-05
3907,5.730665e-13
3908,8.726107e-18
3909,3.3693287e-16
3910,1.3101567e-20
3911,3.029478e-16
3912,1.0405957e-18
3913,7.0785863e-13
3914,2.8237836e-16
3915,1.0023205e-18
3916,3.1092803e-16
3917,4.2857872e-13
3918,0.0029318042
3919,1.2355922e-10
3920,0.002816975
3921,0.0545313
3922,3.2575276e-09
3923,5.217511e-13
3924,2.8607341e-16
3925,3.1351972e-16
3926,8.514607e-18
3927,1.4385457e-14
3928,2.2488819e-05
3929,1.877757e-05
3930,3.2911127e-10
3931,9.612332e-14
3932,4.91156e-21
3933,3.436857e-09
3934,6.241073e-11
3935,2.4628993e-10
3936,3.1060558e-16
3937,0.057258867
3938,9.438214e-14
3939,4.210064e-21
3940,2.1413842e-21
3941,4.680926e-21
3942,9.887102e-19
3943,6.066843e-13
3944,2.8844031e-16
3945,0.0026461908
3946,3.7802321e-13
3947,2.4879716e-09
3948,2.779157e-16
3949,2.599487e-16
3950,0.02713324
3951,0.0022909727
3952,2.1846537e-05
3953,3.1273613e-16
3954,3.390163e-16
3955,1.6177979e-06
3956,1.4866778e-18
3957,2.6911865e-16
3958,1.3701188e-05
3959,1.0841021e-06
3960,5.758539e-13
3961,2.4986818e-16
3962,2.7285655e-16
3963,7.518645e-07
3964,0.0
3965,1.3602251e-10
3966,6.19992e-13
3967,4.2979113e-06
3968,1.0299105e-16
3969,1.3841778e-10
3970,7.4983826e-21
3971,2.9026128e-18
3972,4.461607e-17
3973,1.5369524e-16
3974,2.0105265e-19
3975,5.889337e-08
3976,2.4933497e-16
3977,8.4856445e-12
3978,0.029408205
3979,1.9036647e-13
3980,6.6961465e-13
3981,1.0979556e-20
3982,0.05471548
3983,1.3429285e-16
3984,6.5613965e-21
3985,0.0014124548
3986,2.0591266e-16
3987,1.7529773e-11
3988,2.708654e-16
3989,1.0782691e-12
3990,2.244494e-05
3991,1.8240167e-05
3992,2.8852838e-16
3993,4.990906e-13
3994,7.3734464e-07
3995,4.04741e-11
3996,1.9401242e-19
3997,2.0766703e-16
3998,1.3963487e-18
3999,7.630871e-11
4000,2.2705147e-09
4001,1.6943194e-18
4002,5.2961184e-13
4003,8.951937e-11
4004,3.7781658e-06
4005,1.2121745e-10
4006,1.657166e-13
4007,4.5257895e-08
4008,6.683462e-21
4009,5.568268e-13
4010,5.9029375e-18
4011,4.3612306e-07
4012,1.6620445e-16
4013,5.3074617e-14
4014,3.677032e-13
4015,5.5490985e-13
4016,3.7870447e-13
4017,7.168173e-14
4018,0.053639628
4019,1.9083368e-16
4020,8.917481e-06
4021,6.092427e-12
4022,7.8275816e-11
4023,1.1015131e-20
4024,2.9511835e-16
4025,6.4561237e-21
4026,0.0008104611
4027,0.0024410414
4028,2.7831756e-10
4029,2.6915147e-16
4030,3.01652e-21
4031,3.3369924e-16
4032,1.0407864e-18
4033,2.4614452e-16
4034,2.6856074e-16
4035,2.2416058e-10
4036,6.6975335e-11
4037,7.65468e-21
4038,1.3776878e-10
4039,1.0004604e-10
4040,2.0491102e-18
4041,5.615024e-13
4042,1.3789075e-10
4043,5.7634657e-06
4044,9.709677e-07
4045,2.980145e-16
4046,4.916995e-14
4047,2.775597e-16
4048,6.2934942e-21
4049,2.323065e-16
4050,1.1037142e-06
4051,4.0587894e-11
4052,1.303448e-18
4053,1.1534396e-06
4054,5.8762397e-13
4055,5.042171e-21
4056,3.0333634e-16
4057,7.603152e-18
4058,4.331281e-13
4059,1.1199603e-05
4060,1.1233608e-16
4061,1.9481947e-10
4062,0.00023284619
4063,2.4772707e-16
4064,6.672484e-13
4065,5.007237e-06
4066,5.266147e-06
4067,3.132328e-16
4068,8.366754e-18
4069,1.9364968e-16
4070,8.7531093e-11
4071,3.2559134e-16
4072,6.762227e-11
4073,5.0845096e-21
4074,4.374302e-21
4075,4.994265e-06
4076,5.459901e-13
4077,4.9667272e-21
4078,3.876363e-21
4079,3.626513e-10
4080,0.00026348315
4081,7.0315755e-19
4082,2.9544858e-22
4083,4.205981e-06
4084,0.0002958034
4085,1.6706663e-21
4086,2.0642292e-05
4087,6.7881786e-07
4088,2.335148e-16
4089,5.523806e-07
4090,5.621173e-21
4091,1.7769575e-13
4092,3.45499e-13
4093,5.998319e-11
4094,0.00015016695
4095,8.887289e-07
4096,3.2394286e-13
4097,3.3865425e-07
4098,0.0017170035
4099,1.0622256e-10
4100,1.8698018e-21
4101,5.304859e-06
4102,2.9346581e-16
4103,7.26936e-17
4104,3.2390654e-16
4105,8.017306e-18
4106,6.7405434e-18
4107,1.0786267e-20
4108,3.3647407e-10
4109,9.481158e-21
4110,2.429504e-16
4111,1.155961e-05
4112,8.7361644e-07
4113,5.559358e-06
4114,2.621598e-21
4115,7.104094e-21
4116,1.1935454e-06
4117,1.1760957e-09
4118,1.0650821e-10
4119,0.00010826316
4120,1.1087688e-12
4121,0.05301012
4122,3.2130742e-16
4123,7.009536e-11
4124,7.0258583e-13
4125,7.824258e-21
4126,1.4370729e-18
4127,2.7571928e-16
4128,5.7869986e-18
4129,6.2122307e-13
4130,6.848364e-18
4131,3.3088696e-13
4132,1.2969985e-13
4133,0.05625919
4134,2.384721e-10
4135,6.462826e-21
4136,0.00026589975
4137,1.0813953e-20
4138,4.855692e-13
4139,4.03792e-21
4140,1.883918e-16
4141,1.6866842e-18
4142,2.9286057e-10
4143,1.1514878e-10
4144,8.087894e-11
4145,1.9297443e-21
4146,2.7619657e-13
4147,0.00030104743
4148,9.236757e-14
4149,1.2455904e-20
4150,1.2256027e-10
4151,7.605937e-18
4152,6.067213e-13
4153,7.3224295e-11
4154,0.00235297
4155,1.9481822e-05
4156,1.2935596e-13
4157,4.4817448e-13
4158,2.6403164e-13
4159,3.2250085e-07
4160,2.5512317e-16
4161,3.3954688e-09
4162,5.1322814e-07
4163,9.75053e-21
4164,1.12791004e-20
4165,7.520842e-21
4166,6.275067e-11
4167,7.3175146e-11
4168,3.4956818e-10
4169,3.1880252e-21
4170,1.2223934e-20
4171,2.8938685e-10
4172,0.0026026766
4173,6.3784026e-13
4174,6.093126e-19
4175,3.0060858e-16
4176,3.9146423e-21
4177,8.0386477e-19
4178,9.682793e-17
4179,2.2564068e-16
4180,4.267329e-06
4181,5.6525946e-06
4182,5.517779e-06
4183,3.3638478e-22
4184,4.4479532e-13
4185,0.04648458
4186,9.715849e-14
4187,3.1365368e-16
4188,1.4080737e-18
4189,0.043551143
4190,1.0244827e-06
4191,4.4666954e-11
4192,6.6999864e-11
4193,5.363434e-21
4194,0.0024063624
4195,2.1311515e-05
4196,1.0745456e-18
4197,2.9919912e-16
4198,2.6396172e-16
4199,7.030334e-21
4200,3.0263362e-16
4201,1.6069807e-16
4202,0.001638268
4203,1.2632923e-06
4204,3.1068144e-16
4205,1.4713317e-18
4206,6.3603e-21
4207,4.2873393e-21
4208,5.0185172e-11
4209,4.9501023e-13
4210,6.178199e-13
4211,4.7268756e-08
4212,2.1426284e-05
4213,9.321333e-11
4214,7.368048e-07
4215,9.493006e-07
4216,0.05279891
4217,6.1383196e-07
4218,5.9427686e-05
4219,1.1094213e-06
4220,5.1519858e-21
4221,0.0027514806
4222,3.266816e-21
4223,7.875503e-11
4224,2.0123675e-06
4225,1.8542837e-11
4226,1.0230257e-18
4227,1.053762e-18
4228,0.0002623641
4229,5.5071805e-06
4230,2.8521913e-16
4231,3.3440622e-10
4232,7.3045736e-11
4233,6.5170943e-21
4234,2.6182765e-16
4235,7.0327866e-07
4236,1.662157e-18
4237,9.574201e-21
4238,2.5765826e-16
4239,0.01974147
4240,4.8962953e-21
4241,1.9407944e-05
4242,6.4004363e-13
4243,6.296978e-13
4244,1.0491297e-06
4245,7.118182e-11
4246,6.693668e-21
4247,6.5804735e-13
4248,3.0952688e-16
4249,3.2239128e-10
4250,8.977655e-07
4251,1.0181669e-18
4252,7.0642677e-19
4253,3.2660317e-13
4254,5.689366e-13
4255,1.826191e-18
4256,3.1477352e-06
4257,1.3852343e-10
4258,2.792205e-07
4259,1.8113041e-16
4260,1.2643991e-21
4261,6.6039674e-11
4262,0.0002771922
4263,2.3005214e-11
4264,0.0005800693
4265,1.4845981e-10
4266,5.105833e-13
4267,1.3855725e-10
4268,9.639851e-07
4269,5.6074937e-06
4270,7.9438144e-11
4271,4.1216694e-18
4272,0.024574682
4273,1.0008116e-06
4274,1.1845644e-10
4275,1.2294186e-18
4276,6.956915e-21
4277,1.2058653e-10
4278,5.114691e-07
4279,5.0894273e-06
4280,9.1336545e-07
4281,0.0024294944
4282,0.0002617904
4283,5.312143e-13
4284,1.11537925e-10
4285,1.5742425e-21
4286,9.3126624e-07
4287,7.509127e-11
4288,7.610838e-19
4289,3.1764164e-16
4290,0.0025369725
4291,3.2260436e-16
4292,3.0523068e-16
4293,8.677044e-11
4294,4.2449888e-06
4295,1.1520379e-16
4296,4.3734413e-05
4297,0.049644213
4298,3.1557393e-16
4299,2.228115e-05
4300,3.894466e-18
4301,7.510291e-21
4302,0.00040495663
4303,2.5029408e-06
4304,3.110989e-16
4305,0.00020915412
4306,7.425512e-21
4307,3.7467726e-10
4308,5.2497392e-11
4309,0.04005285
4310,2.0506759e-09
4311,1.9329541e-16
4312,8.845215e-07
4313,2.654967e-16
4314,2.7862903e-16
4315,1.9484712e-16
4316,1.14165545e-10
4317,3.1578587e-16
4318,6.1858935e-11
4319,3.666708e-21
4320,5.109709e-21
4321,9.869453e-14
4322,2.594592e-09
4323,1.0186062e-10
4324,2.52662e-10
4325,1.4668387e-16
4326,0.0021612532
4327,2.5852467e-16
4328,4.762179e-11
4329,9.994382e-07
4330,3.427614e-16
4331,2.3428574e-16
4332,5.5507926e-13
4333,4.805796e-18
4334,1.01333785e-20
4335,6.804457e-11
4336,3.7566564e-13
4337,2.24832e-10
4338,1.1862882e-16
4339,1.353517e-10
4340,4.9367213e-07
4341,2.5199704e-16
4342,1.1708709e-06
4343,0.055856287
4344,2.2761549e-21
4345,7.420027e-19
4346,1.8514404e-05
4347,2.3241994e-16
4348,1.9884917e-18
4349,1.2820742e-20
4350,1.0471784e-06
4351,6.4705097e-07
4352,0.054522447
4353,1.6140688e-18
4354,5.49316e-13
4355,2.2203399e-16
4356,8.0811515e-05
4357,0.0016276458
4358,7.789337e-07
4359,3.3705878e-09
4360,1.7261558e-18
4361,3.273448e-16
4362,1.4523179e-16
4363,4.1499993e-13
4364,6.882583e-21
4365,2.9941834e-16
4366,5.4889484e-21
4367,6.1546764e-13
4368,5.8858925e-11
4369,2.9041885e-16
4370,3.3164188e-10
4371,7.414796e-18
4372,1.2525627e-06
4373,8.287469e-18
4374,1.9422584e-10
4375,1.0189481e-10
4376,4.412648e-21
4377,7.107998e-21
4378,7.765264e-21
4379,8.567547e-19
4380,2.4850668e-05
4381,6.597565e-13
4382,6.790973e-11
4383,5.5942087e-07
4384,7.040837e-11
4385,0.0030329737
4386,3.221518e-16
4387,0.04716492
4388,5.119386e-21
4389,3.423989e-19
4390,1.1537741e-06
4391,0.04987798
4392,3.0575603e-10
4393,2.1786285e-05
4394,0.00018598727
4395,6.0227545e-13
4396,0.0002646231
4397,3.189043e-16
4398,0.03118458
4399,0.00029087684
4400,6.997613e-13
4401,7.050946e-07
4402,9.531761e-07
4403,4.629843e-07
4404,0.0003001716
4405,7.3569234e-11
4406,7.376276e-21
4407,3.301741e-16
4408,6.7758783e-21
4409,5.873729e-13
4410,2.984149e-16
4411,2.3534164e-10
4412,8.221279e-11
4413,0.031349696
4414,3.0446782e-16
4415,2.942312e-10
4416,2.9754192e-16
4417,3.069869e-16
4418,1.1003635e-18
4419,3.2952986e-16
4420,3.6696338e-13
4421,9.2479705e-21
4422,1.2420569e-06
4423,3.354181e-10
4424,7.912786e-18
4425,2.3790257e-16
4426,0.00026808894
4427,1.0532476e-18
4428,1.2178475e-06
4429,7.754772e-05
4430,2.7954888e-16
4431,1.7328322e-05
4432,1.5066731e-16
4433,1.2756314e-10
4434,0.0028135907
4435,7.715187e-21
4436,5.099144e-06
4437,5.7463426e-06
4438,1.3309477e-10
4439,2.1670676e-18
4440,4.972375e-14
4441,1.0413015e-20
4442,0.0032011352
4443,6.488897e-11
4444,2.3768488e-16
4445,1.13506616e-13
4446,0.0368403
4447,1.3554454e-16
4448,0.0024278865
4449,3.1711857e-16
4450,1.1576845e-18
4451,2.8576141e-09
4452,6.5404317e-13
4453,3.4768502e-10
4454,5.1468205e-13
4455,0.039716575
4456,7.459988e-19
4457,3.154199e-16
4458,4.1318117e-06
4459,1.4641553e-16
4460,5.950952e-13
4461,4.920663e-18
4462,1.0843695e-20
4463,4.312271e-21
4464,1.7113645e-18
4465,0.050876733
4466,4.9692558e-06
4467,1.9917657e-05
4468,4.5777985e-21
4469,3.4973027e-21
4470,1.2070249e-06
4471,4.6091986e-21
4472,0.0028588804
4473,7.511667e-21
4474,1.924675e-10
4475,1.0824987e-06
4476,3.0470523e-21
4477,1.03701776e-10
4478,3.2453334e-10
4479,6.126754e-13
4480,2.0066117e-11
4481,1.3573494e-16
4482,1.15574765e-10
4483,6.0766637e-13
4484,0.0026260715
4485,3.168864e-16
4486,6.4596977e-13
4487,4.8683114e-06
4488,1.0085185e-18
4489,3.7418492e-06
4490,4.3615053e-21
4491,5.5870835e-18
4492,6.478977e-19
4493,8.2290626e-07
4494,3.4378012e-09
4495,0.0314847
4496,8.4016974e-14
4497,6.769912e-13
4498,0.000108646214
4499,3.9987667e-06
4500,2.4837807e-16
4501,4.8283235e-11
4502,6.0594175e-21
4503,2.1835166e-16
4504,5.0699657e-13
4505,0.00023791617
4506,5.793713e-18
4507,4.95252e-13
4508,1.1950216e-10
4509,0.00023870142
4510,2.0969355e-18
4511,2.9171884e-10
4512,2.8036907e-16
4513,3.0668726e-16
4514,2.3025125e-06
4515,3.3019422e-16
4516,2.7817023e-16
4517,3.5971937e-10
4518,4.8328573e-18
4519,5.9371418e-21
4520,2.6798765e-16
4521,6.217731e-13
4522,7.8433307e-19
4523,1.2488604e-06
4524,7.352998e-07
4525,2.6206747e-16
4526,3.612586e-06
4527,1.0294501e-06
4528,5.6787474e-11
4529,7.206266e-11
4530,3.3670674e-16
4531,5.982636e-13
4532,1.5973656e-10
4533,8.783818e-18
4534,3.220732e-16
4535,8.739496e-11
4536,2.3206556e-16
4537,2.8654524e-16
4538,7.555098e-11
4539,5.009217e-13
4540,2.6854989e-13
4541,0.0003026013
4542,6.517626e-18
4543,1.4807973e-10
4544,2.4963954e-16
4545,2.29558e-16
4546,7.0204544e-11
4547,7.6918936e-11
4548,0.028684622
4549,3.7664137e-13
4550,6.8248556e-21
4551,2.7662403e-10
4552,1.1351088e-05
4553,0.0027187464
4554,1.1601647e-06
4555,3.8141698e-21
4556,5.3851923e-06
4557,8.176242e-11
4558,3.355988e-16
4559,3.4295227e-09
4560,0.0016156643
4561,1.1099866e-21
4562,2.1567657e-05
4563,5.330819e-13
4564,5.51245e-21
4565,3.9743216e-19
4566,2.7625831e-16
4567,7.328707e-21
4568,2.1312437e-16
4569,9.430884e-19
4570,3.00531e-21
4571,4.7544495e-06
4572,8.3277155e-07
4573,0.0002878708
4574,2.4285023e-07
4575,1.7618744e-10
4576,1.2755146e-10
4577,2.2034339e-21
4578,5.6343416e-18
4579,2.5737026e-10
4580,3.0359564e-16
4581,7.11297e-11
4582,6.087575e-11
4583,0.004745891
4584,1.19385815e-20
4585,3.455272e-10
4586,3.26447e-16
4587,7.3110414e-11
4588,1.9021737e-16
4589,2.3291334e-07
4590,0.0025549522
4591,5.996894e-13
4592,3.4846045e-10
4593,8.2323277e-07
4594,2.8602106e-16
4595,1.1193376e-20
4596,0.0030754618
4597,0.0030305062
4598,6.29849e-21
4599,2.2558111e-10
4600,2.519663e-16
4601,3.2118978e-16
4602,1.8162124e-13
4603,4.3163699e-13
4604,9.314755e-19
4605,2.4907825e-09
4606,2.1694497e-18
4607,1.7557904e-16
4608,3.1165e-16
4609,7.473407e-18
4610,3.1651914e-16
4611,0.039862905
4612,2.2675895e-16
4613,4.923667e-18
4614,1.2363498e-20
4615,3.2971445e-10
4616,0.054040715
4617,1.0259087e-20
4618,1.1623442e-06
4619,1.12674036e-20
4620,1.4809329e-10
4621,4.22772e-13
4622,1.1424599e-20
4623,0.00026600726
4624,6.191514e-18
4625,3.2830874e-10
4626,0.0025271068
4627,1.0219221e-06
4628,4.9744534e-07
4629,6.5310304e-21
4630,5.73889e-13
4631,7.695415e-11
4632,6.4079693e-18
4633,3.3652182e-16
4634,1.0440353e-06
4635,4.823466e-07
4636,1.0736278e-18
4637,4.4771233e-24
4638,0.00022148184
4639,1.4497208e-10
4640,7.9409056e-11
4641,8.1076666e-07
4642,1.919447e-18
4643,4.833302e-06
4644,8.722179e-07
4645,9.715457e-07
4646,3.2928856e-16
4647,0.0007185387
4648,8.185918e-18
4649,3.2240753e-16
4650,5.2873976e-13
4651,3.603896e-10
4652,2.4110567e-09
4653,7.582586e-11
4654,6.481178e-11
4655,5.055295e-06
4656,8.1371014e-18
4657,2.336884e-10
4658,2.8847555e-16
4659,3.084519e-16
4660,4.412877e-06
4661,3.378116e-10
4662,2.9454564e-10
4663,0.0024279603
4664,6.3680685e-21
4665,2.8489045e-18
4666,5.4058293e-21
4667,6.713744e-13
4668,4.28946e-06
4669,0.00018490653
4670,3.3007333e-16
4671,4.71029e-11
4672,7.536908e-07
4673,3.262677e-16
4674,3.3429045e-16
4675,2.9048687e-13
4676,9.2869783e-07
4677,6.406846e-07
4678,2.3345077e-05
4679,1.9538432e-18
4680,2.9013536e-16
4681,4.859843e-13
4682,3.6322844e-11
4683,2.3399992e-16
4684,9.816789e-07
4685,4.4951054e-18
4686,1.1722295e-06
4687,1.0367115e-13
4688,0.0025309562
4689,4.6359715e-19
4690,2.6805308e-16
4691,2.984331e-16
4692,2.9073808e-16
4693,5.3503767e-13
4694,3.0457934e-16
4695,0.00028107333
4696,0.00027187582
4697,2.6780778e-16
4698,1.6851408e-18
4699,5.144151e-13
4700,4.8386805e-13
4701,9.9319245e-21
4702,5.2105235e-23
4703,0.0027177744
4704,5.0662197e-11
4705,1.7891211e-18
4706,9.0829263e-07
4707,4.0619138e-13
4708,2.9867e-16
4709,3.386986e-06
4710,3.7976767e-21
4711,2.38455e-16
4712,5.525573e-11
4713,3.0387373e-16
4714,5.3165006e-21
4715,7.4586714e-21
4716,1.0113581e-06
4717,5.526585e-11
4718,6.374706e-13
4719,7.694654e-18
4720,0.018289043
4721,2.8845124e-09
4722,0.053698722
4723,2.6788952e-16
4724,2.476817e-16
4725,2.0406098e-16
4726,8.213507e-07
4727,5.4289394e-19
4728,1.2829268e-18
4729,2.9096887e-16
4730,2.550142e-16
4731,1.1856524e-20
4732,7.906647e-14
4733,1.258642e-16
4734,2.4085387e-16
4735,2.0489851e-18
4736,3.3090038e-16
4737,4.661823e-21
4738,4.575311e-06
4739,2.6417126e-16
4740,5.3095674e-14
4741,6.329319e-21
4742,1.0983549e-06
4743,0.00029126756
4744,1.235347e-06
4745,4.883333e-13
4746,1.9923127e-05
4747,7.3074186e-18
4748,8.814044e-14
4749,1.9642108e-05
4750,3.3045635e-16
4751,5.1747825e-06
4752,2.8701783e-16
4753,6.195529e-11
4754,1.3341603e-10
4755,5.900643e-07
4756,9.884085e-19
4757,2.5150536e-16
4758,2.6174774e-16
4759,6.4346198e-18
4760,1.9065906e-16
4761,6.463573e-19
4762,7.1045275e-21
4763,9.778613e-14
4764,4.6892186e-21
4765,3.8305005e-21
4766,6.3310837e-13
4767,0.00027735293
4768,8.705712e-21
4769,4.4836604e-13
4770,7.1409985e-19
4771,7.922751e-11
4772,3.2358287e-09
4773,2.672689e-16
4774,1.025781e-06
4775,3.0316475e-11
4776,4.95751e-13
4777,2.665521e-16
4778,2.0531165e-18
4779,1.7698853e-16
4780,1.1006366e-06
4781,7.690739e-21
4782,3.129144e-13
4783,6.102272e-07
4784,6.7812845e-13
4785,9.5305967e-07
4786,5.8330355e-05
4787,3.8863126e-21
4788,3.0663336e-09
4789,6.736319e-13
4790,9.39297e-19
4791,1.0925714e-06
4792,1.0105351e-13
4793,1.3943531e-10
4794,1.4437164e-10
4795,3.0405926e-16
4796,8.4979274e-07
4797,3.2814498e-16
4798,0.00015733647
4799,2.1843307e-18
4800,2.9974746e-16
4801,3.1030242e-16
4802,9.406204e-07
4803,3.0557878e-10
4804,2.278411e-16
4805,7.9588e-18
4806,9.677013e-21
4807,1.9952998e-18
4808,6.2758496e-21
4809,5.2289884e-13
4810,2.010936e-16
4811,5.470959e-07
4812,0.00017270407
4813,1.0133817e-06
4814,5.5112155e-06
4815,1.6844209e-18
4816,1.2675788e-06
4817,2.3191937e-10
4818,6.970714e-07
4819,4.5892252e-06
4820,2.0974336e-16
4821,5.8561653e-21
4822,3.4232236e-16
4823,2.3124918e-05
4824,0.060675286
4825,2.8189624e-16
4826,3.128125e-16
4827,3.4114956e-21
4828,1.8661034e-05
4829,4.571191e-18
4830,9.311242e-07
4831,0.00014820162
4832,8.968551e-18
4833,0.00029252545
4834,0.042235743
4835,6.4004363e-13
4836,6.1129335e-13
4837,9.4391424e-08
4838,7.442301e-21
4839,1.0052679e-20
4840,8.73546e-19
4841,6.5987325e-07
4842,2.8896897e-16
4843,0.00026021968
4844,1.9446693e-16
4845,6.947723e-18
4846,8.0646935e-19
4847,0.0028978125
4848,0.0024855458
4849,0.04647004
4850,4.4084642e-11
4851,1.1519094e-06
4852,3.534692e-16
4853,1.0938013e-18
4854,5.918172e-13
4855,6.330504e-13
4856,4.5945933e-21
4857,7.6196693e-19
4858,6.2220555e-11
4859,2.1530481e-21
4860,1.6943194e-18
4861,3.4427357e-09
4862,9.935496e-19
4863,1.4451709e-10
4864,8.893937e-07
4865,1.758257e-16
4866,1.2758261e-10
4867,7.090647e-11
4868,2.9958287e-16
4869,3.0376245e-16
4870,9.040241e-17
4871,2.2294384e-16
4872,6.191514e-18
4873,3.2223047e-16
4874,5.0338194e-06
4875,1.3866723e-10
4876,6.7990606e-11
4877,1.7769586e-05
4878,1.029513e-06
4879,1.4087226e-05
4880,7.420286e-07
4881,7.475029e-19
4882,2.1612414e-16
4883,4.5035446e-13
4884,8.705654e-19
4885,7.930494e-07
4886,0.00022851083
4887,2.2380275e-16
4888,3.604577e-21
4889,5.325774e-22
4890,3.2164373e-06
4891,2.631253e-16
4892,2.3291868e-09
4893,4.9022283e-06
4894,5.906585e-11
4895,0.0027441422
4896,0.0023869902
4897,0.0029901383
4898,1.05531105e-10
4899,2.2308026e-05
4900,3.550839e-10
4901,6.6824276e-07
4902,1.1173552e-10
4903,5.266784e-13
4904,9.856975e-19
4905,4.6010476e-21
4906,9.3873e-21
4907,2.087868e-18
4908,2.0396977e-10
4909,7.127112e-21
4910,6.319283e-21
4911,7.277206e-11
4912,5.9647315e-11
4913,6.03416e-13
4914,4.006487e-11
4915,2.2257673e-16
4916,4.748722e-06
4917,3.3592335e-13
4918,1.301148e-06
4919,3.3708045e-10
4920,6.063696e-13
4921,8.319205e-11
4922,5.0467397e-06
4923,6.54882e-13
4924,3.519216e-18
4925,4.904989e-13
4926,9.546899e-07
4927,1.0224707e-20
4928,1.1551481e-06
4929,8.592328e-07
4930,1.2170486e-06
4931,6.643336e-18
4932,0.000294069
4933,1.8081128e-18
4934,3.9680387e-07
4935,1.3699814e-21
4936,1.8726955e-18
4937,2.8163824e-16
4938,5.056314e-19
4939,1.8611483e-21
4940,5.104275e-13
4941,6.0505724e-13
4942,4.5724838e-07
4943,6.7281006e-13
4944,0.056750327
4945,2.754942e-09
4946,1.3874767e-10
4947,3.413975e-10
4948,1.6057167e-18
4949,0.00026710719
4950,1.0765029e-06
4951,8.895159e-07
4952,2.8031981e-09
4953,1.808775e-18
4954,1.2185166e-06
4955,4.2041755e-13
4956,1.5446804e-10
4957,6.7370697e-19
4958,1.2300803e-06
4959,0.054773323
4960,2.8267154e-16
4961,1.104273e-20
4962,4.916611e-06
4963,0.0021341122
4964,0.048412427
4965,7.87857e-18
4966,0.041314073
4967,2.7570245e-16
4968,6.6771686e-13
4969,4.4808618e-18
4970,2.0026072e-16
4971,0.0024831446
4972,7.261623e-18
4973,1.6353155e-05
4974,0.00028530025
4975,2.960384e-16
4976,5.866883e-11
4977,0.0017902078
4978,3.373778e-09
4979,0.035281286
4980,2.2174274e-07
4981,9.648115e-21
4982,7.590477e-21
4983,3.197814e-16
4984,9.875081e-07
4985,4.73858e-13
4986,4.7682988e-21
4987,0.0
4988,1.981913e-05
4989,1.9448009e-18
4990,7.241873e-07
4991,2.9587583e-16
4992,4.1184044e-06
4993,2.4466897e-05
4994,6.486671e-18
4995,6.2004877e-13
4996,2.2721616e-16
4997,0.0002730333
4998,1.6387864e-18
4999,0.0017681085
